v,vw,o,c,h,l,t,n
155,32.6954,32.6665,32.6725,32.7232,32.6395,1730419200000,155
156,32.7188,32.682100000000005,32.6737,32.7728,32.6584,1730422800000,156
156,32.6693,32.6948,32.6982,32.734,32.612899999999996,1730426400000,156
156,32.7212,32.705,32.7649,32.7649,32.6546,1730430000000,156
151,32.7755,32.7616,32.7746,32.811499999999995,32.756299999999996,1730433600000,151
154,32.7526,32.776,32.796,32.7982,32.7275,1730437200000,154
156,32.7684,32.819,32.689,32.8368,32.6859,1730440800000,156
153,32.6262,32.6842,32.6762,32.69,32.5543,1730444400000,153
154,32.8065,32.6662,32.8362,32.8692,32.6572,1730448000000,154
152,32.831,32.857200000000006,32.818200000000004,32.8882,32.7872,1730451600000,152
149,32.7964,32.8152,32.8392,32.8432,32.7382,1730455200000,149
156,32.8343,32.858200000000004,32.8362,32.877199999999995,32.7982,1730458800000,156
154,32.8053,32.8302,32.8082,32.9375,32.7108,1730462400000,154
156,33.0093,32.806200000000004,33.0062,33.1012,32.7972,1730466000000,156
156,32.7574,33.0752,32.7279,33.0752,32.4912,1730469600000,156
156,32.7211,32.7231,32.6824,32.8172,32.6392,1730473200000,156
156,32.607,32.6632,32.5734,32.6982,32.5282,1730476800000,156
156,32.5176,32.595800000000004,32.4385,32.615700000000004,32.4154,1730480400000,156
155,32.416,32.4193,32.4174,32.4609,32.3604,1730484000000,155
156,32.3944,32.4271,32.392,32.4502,32.3343,1730487600000,156
154,32.4283,32.398799999999994,32.4432,32.4653,32.3794,1730491200000,154
1,32.4432,32.4432,32.4432,32.4432,32.4432,1730671200000,1
118,32.4553,32.4005,32.4812,32.5388,32.2848,1730674800000,118
156,32.5485,32.520199999999996,32.6092,32.6092,32.4812,1730678400000,156
156,32.5798,32.6062,32.5599,32.6532,32.4993,1730682000000,156
155,32.5225,32.5492,32.579100000000004,32.5992,32.4616,1730685600000,155
155,32.6543,32.5857,32.6762,32.708,32.576299999999996,1730689200000,155
153,32.704,32.6642,32.7072,32.7307,32.6632,1730692800000,153
156,32.6567,32.7032,32.774300000000004,32.774300000000004,32.6123,1730696400000,156
156,32.747,32.7572,32.8104,32.8126,32.6737,1730700000000,156
156,32.7234,32.7902,32.5922,32.8504,32.5709,1730703600000,156
147,32.6671,32.6022,32.6572,32.7342,32.6022,1730707200000,147
155,32.7557,32.6562,32.8192,32.8342,32.6192,1730710800000,155
149,32.7751,32.8042,32.7652,32.8512,32.7302,1730714400000,149
151,32.7577,32.7532,32.8052,32.8052,32.7088,1730718000000,151
153,32.8185,32.806200000000004,32.813199999999995,32.8692,32.7842,1730721600000,153
151,32.727,32.828199999999995,32.7612,32.8612,32.5592,1730725200000,151
151,32.5886,32.7012,32.5076,32.7622,32.489200000000004,1730732400000,151
155,32.4533,32.5139,32.3172,32.5327,32.306200000000004,1730736000000,155
154,32.4157,32.370200000000004,32.525,32.525,32.301199999999994,1730739600000,154
156,32.4942,32.5142,32.4777,32.5407,32.457,1730743200000,156
154,32.4822,32.4832,32.473200000000006,32.5113,32.4572,1730746800000,154
148,32.4891,32.4622,32.5002,32.5262,32.453199999999995,1730750400000,148
141,32.4592,32.493199999999995,32.4442,32.4992,32.4345,1730754000000,141
3,32.4486,32.4442,32.444500000000005,32.4572,32.4442,1730757600000,3
85,32.368,32.4816,32.368,32.5147,32.256,1730772000000,85
156,32.427,32.368500000000004,32.4786,32.5002,32.3393,1730775600000,156
154,32.4752,32.4809,32.454,32.4962,32.439499999999995,1730779200000,154
154,32.4719,32.452999999999996,32.4306,32.5,32.4185,1730782800000,154
156,32.4919,32.4272,32.5145,32.561,32.4022,1730786400000,156
154,32.5491,32.515100000000004,32.4872,32.6032,32.4742,1730790000000,154
149,32.5228,32.4792,32.6502,32.6502,32.416199999999996,1730793600000,149
156,32.6361,32.6512,32.6046,32.6682,32.600500000000004,1730797200000,156
155,32.5993,32.6134,32.6232,32.6387,32.5548,1730800800000,155
154,32.6437,32.632600000000004,32.634100000000004,32.666900000000005,32.6188,1730804400000,154
154,32.6107,32.6513,32.5752,32.658300000000004,32.5752,1730808000000,154
155,32.7182,32.5992,32.7462,32.8432,32.574200000000005,1730811600000,155
156,32.8125,32.7462,32.8699,32.9084,32.7462,1730815200000,156
156,32.7298,32.7782,32.75,32.8733,32.6206,1730818800000,156
154,32.68,32.7494,32.6242,32.7512,32.601200000000006,1730822400000,154
155,32.6632,32.6273,32.6592,32.7512,32.585899999999995,1730826000000,155
156,32.6307,32.6441,32.608399999999996,32.6822,32.5809,1730829600000,156
154,32.6161,32.605199999999996,32.6199,32.657,32.5802,1730833200000,154
154,32.5989,32.5997,32.6282,32.6282,32.572199999999995,1730836800000,154
153,32.6485,32.6263,32.6492,32.6783,32.6162,1730840400000,153
2,32.6485,32.6492,32.6477,32.6492,32.6477,1730844000000,2
150,32.6676,32.624,32.6962,32.7182,32.624,1730847600000,150
156,32.5262,32.6842,32.4317,32.6912,32.3512,1730851200000,156
155,32.4606,32.3651,32.549099999999996,32.6066,32.2778,1730854800000,155
156,32.4757,32.5526,32.321200000000005,32.5705,32.306200000000004,1730858400000,156
154,32.1641,32.2952,32.0852,32.3312,32.032199999999996,1730862000000,154
155,32.2316,32.0811,32.3288,32.3502,32.0782,1730865600000,155
156,32.254,32.324400000000004,32.2568,32.3362,32.1153,1730869200000,156
156,31.9043,32.2538,31.610699999999998,32.2538,31.4745,1730872800000,156
156,31.9218,31.5842,32.0295,32.0699,31.5842,1730876400000,156
155,32.2034,32.0343,32.2734,32.3609,31.9727,1730880000000,155
156,32.2433,32.288399999999996,32.2991,32.3114,32.1182,1730883600000,156
148,32.2237,32.2923,32.1491,32.2977,32.143100000000004,1730887200000,148
156,32.0015,32.1417,31.766900000000003,32.205400000000004,31.7215,1730890800000,156
155,31.8212,31.7627,31.790200000000002,31.9456,31.6402,1730894400000,155
155,31.2561,31.6452,31.070100000000004,31.6552,30.9597,1730898000000,155
154,30.9669,31.0725,30.9832,31.126900000000003,30.844199999999997,1730901600000,154
153,31.2117,30.9968,31.369200000000003,31.3942,30.9109,1730905200000,153
154,31.1825,31.4102,31.2088,31.4102,31.0439,1730908800000,154
156,31.1494,31.2158,31.098200000000002,31.2158,31.0823,1730912400000,156
155,31.1978,31.095000000000002,31.236500000000003,31.261300000000002,31.095000000000002,1730916000000,155
154,31.2343,31.241300000000003,31.195800000000002,31.281,31.1912,1730919600000,154
149,31.1445,31.2056,31.1802,31.218200000000003,31.0692,1730923200000,149
149,31.1713,31.184299999999997,31.1728,31.198100000000004,31.143600000000003,1730926800000,149
2,31.1726,31.1728,31.172400000000003,31.1728,31.172400000000003,1730930400000,2
148,31.1747,31.125799999999998,31.165899999999997,31.225099999999998,31.125799999999998,1730934000000,148
156,31.1946,31.171599999999998,31.1377,31.241,31.124299999999998,1730937600000,156
156,31.0404,31.105300000000003,31.0282,31.199399999999997,30.9345,1730941200000,156
156,31.1009,31.061300000000003,31.1094,31.1822,31.017999999999997,1730944800000,156
154,31.0873,31.1141,31.0658,31.145,31.049,1730948400000,154
153,30.9956,31.0843,30.963700000000003,31.0843,30.8712,1730952000000,153
155,31.0721,30.964,31.1191,31.1418,30.963700000000003,1730955600000,155
156,31.0589,31.119,31.0767,31.1276,30.9342,1730959200000,156
154,31.151,31.0832,31.1955,31.226499999999998,31.0432,1730962800000,154
154,31.1337,31.162800000000004,31.045199999999998,31.2205,31.045199999999998,1730966400000,154
156,31.1278,31.0602,31.1032,31.189199999999996,31.0602,1730970000000,156
154,31.1351,31.098200000000002,31.1382,31.194100000000002,31.0842,1730973600000,154
155,31.0794,31.1512,31.086100000000002,31.1512,31.029199999999996,1730977200000,155
154,31.1759,31.0739,31.320700000000002,31.320999999999998,31.0604,1730980800000,154
156,31.4763,31.3064,31.6152,31.664099999999998,31.3064,1730984400000,156
155,31.6955,31.630799999999997,31.778200000000002,31.8602,31.563000000000002,1730988000000,155
155,31.7962,31.778200000000002,31.8062,31.873200000000004,31.713200000000004,1730991600000,155
155,31.7251,31.8082,31.723100000000002,31.8112,31.606,1730995200000,155
154,31.763,31.713099999999997,31.81,31.834200000000003,31.6819,1730998800000,154
155,31.7498,31.795399999999997,31.7242,31.8072,31.7035,1731002400000,155
156,31.7248,31.6592,31.7627,31.8183,31.6042,1731006000000,156
155,32.0075,31.7426,31.9432,32.136199999999995,31.7426,1731009600000,155
151,31.9966,31.9432,32.0272,32.0554,31.9422,1731013200000,151
2,32.0273,32.0272,32.0273,32.0273,32.0272,1731016800000,2
148,32.0261,32.0203,32.0098,32.0565,31.9968,1731020400000,148
152,31.9563,32.011700000000005,31.8282,32.0262,31.8282,1731024000000,152
156,31.812,31.8322,31.7963,31.8722,31.744500000000002,1731027600000,156
153,31.7898,31.803599999999996,31.761,31.8581,31.7224,1731031200000,153
155,31.7244,31.7584,31.7021,31.8286,31.660600000000002,1731034800000,155
153,31.7044,31.676199999999998,31.719,31.7437,31.6382,1731038400000,153
155,31.7423,31.721300000000003,31.741,31.7724,31.7102,1731042000000,155
156,31.5773,31.7422,31.529200000000003,31.7522,31.4902,1731045600000,156
153,31.5138,31.526200000000003,31.5592,31.5712,31.4542,1731049200000,153
152,31.4504,31.568199999999997,31.461199999999998,31.568199999999997,31.3272,1731052800000,152
151,31.5163,31.4442,31.5172,31.573199999999996,31.4442,1731056400000,151
156,31.4326,31.5062,31.425200000000004,31.5352,31.3702,1731060000000,156
153,31.4932,31.433200000000003,31.546200000000002,31.581300000000002,31.430200000000003,1731063600000,153
156,31.4773,31.542799999999996,31.4802,31.542799999999996,31.3822,1731067200000,156
155,31.6367,31.502200000000002,31.7622,31.8182,31.4532,1731070800000,155
155,31.7217,31.7302,31.5792,31.8417,31.445099999999996,1731074400000,155
156,31.435,31.5762,31.4111,31.580199999999998,31.2882,1731078000000,156
154,31.3798,31.408199999999997,31.3352,31.4262,31.3302,1731081600000,154
154,31.3362,31.3032,31.3382,31.3782,31.2892,1731085200000,154
151,31.3042,31.3482,31.269199999999998,31.368199999999998,31.2432,1731088800000,151
155,31.237,31.2712,31.2936,31.3062,31.1903,1731092400000,155
154,31.2973,31.2936,31.2512,31.3192,31.2512,1731096000000,154
140,31.2767,31.2522,31.2822,31.3032,31.2522,1731099600000,140
1,31.3032,31.3032,31.3032,31.3032,31.3032,1731276000000,1
116,31.3475,31.2775,31.4102,31.4102,31.2666,1731279600000,116
154,31.3577,31.3952,31.3962,31.413199999999996,31.2792,1731283200000,154
156,31.2904,31.3936,31.2472,31.401200000000003,31.176199999999998,1731286800000,156
156,31.2364,31.251800000000003,31.261300000000002,31.3136,31.1234,1731290400000,156
154,31.2103,31.2496,31.199499999999997,31.2496,31.1767,1731294000000,154
155,31.1908,31.193099999999998,31.211299999999998,31.211299999999998,31.142300000000002,1731297600000,155
155,31.2498,31.2193,31.2513,31.3182,31.1903,1731301200000,155
156,31.3145,31.2336,31.369999999999997,31.3701,31.222799999999996,1731304800000,156
155,31.2579,31.383499999999998,31.2002,31.3857,31.1712,1731308400000,155
152,31.3034,31.2252,31.301199999999998,31.3532,31.1972,1731312000000,152
153,31.3062,31.310200000000002,31.3482,31.3572,31.248199999999997,1731315600000,153
155,31.4381,31.3462,31.3192,31.557199999999998,31.313200000000002,1731319200000,155
154,31.3454,31.329200000000004,31.3232,31.3842,31.2872,1731322800000,154
151,31.2459,31.3152,31.149199999999997,31.3152,31.149199999999997,1731326400000,151
154,30.9114,31.1152,30.6472,31.184199999999997,30.6082,1731330000000,154
155,30.6666,30.637199999999996,30.6272,30.7662,30.5392,1731333600000,155
154,30.5417,30.6162,30.4682,30.633200000000002,30.4512,1731337200000,154
152,30.4952,30.4632,30.5272,30.5632,30.4212,1731340800000,152
152,30.5449,30.5522,30.5272,30.5912,30.5002,1731344400000,152
156,30.5537,30.5402,30.6092,30.6312,30.5002,1731348000000,156
148,30.6214,30.6112,30.6382,30.6472,30.5952,1731351600000,148
151,30.6842,30.6392,30.6992,30.740199999999998,30.6382,1731355200000,151
150,30.707,30.7042,30.6792,30.7352,30.6792,1731358800000,150
2,30.6823,30.6792,30.6854,30.6854,30.6792,1731362400000,2
147,30.675,30.6502,30.7142,30.7232,30.644199999999998,1731366000000,147
155,30.6872,30.7152,30.6912,30.7242,30.6632,1731369600000,155
156,30.6834,30.7152,30.704600000000003,30.776600000000002,30.611599999999996,1731373200000,156
155,30.6471,30.690900000000003,30.600399999999997,30.719600000000003,30.5695,1731376800000,155
155,30.6044,30.581400000000002,30.563299999999998,30.6597,30.5585,1731380400000,155
154,30.5542,30.5694,30.5723,30.577999999999996,30.531599999999997,1731384000000,154
156,30.442,30.5632,30.2947,30.5828,30.2589,1731387600000,156
155,30.3038,30.2392,30.356400000000004,30.368199999999998,30.222,1731391200000,155
155,30.3053,30.365,30.312199999999997,30.3886,30.1863,1731394800000,155
153,30.3715,30.3002,30.3802,30.457200000000004,30.3002,1731398400000,153
153,30.2739,30.3592,30.290200000000002,30.364500000000003,30.208199999999998,1731402000000,153
155,30.2928,30.2762,30.342200000000002,30.3602,30.237199999999998,1731405600000,155
150,30.3273,30.3462,30.3902,30.4112,30.2642,1731409200000,150
153,30.4466,30.3992,30.482200000000002,30.5202,30.3822,1731412800000,153
152,30.6135,30.501199999999997,30.7464,30.7464,30.482200000000002,1731416400000,152
152,30.7152,30.7462,30.7112,30.765199999999997,30.6632,1731420000000,152
154,30.6141,30.7242,30.4992,30.7352,30.497200000000003,1731423600000,154
155,30.6018,30.5182,30.6162,30.675599999999996,30.5112,1731427200000,155
154,30.5538,30.6127,30.6038,30.6163,30.505200000000002,1731430800000,154
156,30.6527,30.606900000000003,30.7052,30.7052,30.5913,1731434400000,156
151,30.7152,30.701199999999996,30.686200000000003,30.7522,30.6792,1731438000000,151
143,30.7149,30.696199999999997,30.787000000000003,30.805300000000003,30.665200000000002,1731441600000,143
148,30.7517,30.796400000000002,30.7112,30.8132,30.705099999999998,1731445200000,148
2,30.7111,30.7112,30.711000000000002,30.7112,30.711000000000002,1731448800000,2
144,30.67,30.680500000000002,30.686799999999998,30.7112,30.637199999999996,1731452400000,144
154,30.7189,30.686100000000003,30.7456,30.7616,30.6624,1731456000000,154
156,30.8803,30.7593,30.9274,30.9601,30.7392,1731459600000,156
156,30.9579,30.9325,31.0106,31.014499999999998,30.9032,1731463200000,156
155,30.9784,31.012600000000003,30.986800000000002,31.032899999999998,30.917199999999998,1731466800000,155
150,30.9892,30.982100000000003,30.9562,31.0154,30.9497,1731470400000,150
155,30.9123,30.957199999999997,30.9272,30.9758,30.8652,1731474000000,155
154,30.897,30.917199999999998,30.8452,30.9662,30.8452,1731477600000,154
155,30.859,30.836199999999998,30.8482,30.8972,30.822200000000002,1731481200000,155
156,30.8357,30.8162,30.886200000000002,30.900199999999998,30.788500000000003,1731484800000,156
154,30.94,30.8782,30.9442,30.985200000000003,30.8782,1731488400000,154
154,30.9179,30.945200000000003,30.908199999999997,30.9512,30.885199999999998,1731492000000,154
154,30.8843,30.900199999999998,30.877899999999997,30.9552,30.797199999999997,1731495600000,154
153,30.8962,30.9011,30.8462,30.940199999999997,30.8312,1731499200000,153
155,30.9069,30.8522,30.901199999999996,31.069300000000002,30.7983,1731502800000,155
156,30.9226,30.921400000000002,30.7016,31.0517,30.6772,1731506400000,156
156,30.6708,30.696199999999997,30.7866,30.7867,30.529400000000003,1731510000000,156
155,30.6622,30.7826,30.5192,30.7943,30.482200000000002,1731513600000,155
155,30.5183,30.504199999999997,30.572400000000002,30.593300000000003,30.441200000000002,1731517200000,155
156,30.5692,30.5632,30.583399999999997,30.610200000000003,30.5248,1731520800000,156
152,30.5807,30.5752,30.533199999999997,30.635399999999997,30.533199999999997,1731524400000,152
156,30.3707,30.524400000000004,30.2865,30.5402,30.281899999999997,1731528000000,156
148,30.336,30.2994,30.302200000000003,30.3593,30.2942,1731531600000,148
2,30.3036,30.302200000000003,30.305,30.305,30.302200000000003,1731535200000,2
152,30.2989,30.2845,30.2696,30.355800000000002,30.2192,1731538800000,152
147,30.3268,30.2641,30.415000000000003,30.415000000000003,30.2542,1731542400000,147
155,30.2658,30.3918,30.1755,30.3918,30.175,1731546000000,155
154,30.1352,30.180600000000002,30.098200000000002,30.2186,30.0486,1731549600000,154
155,30.1538,30.0922,30.1736,30.1983,30.0922,1731553200000,155
154,30.1779,30.148400000000002,30.2106,30.2144,30.1242,1731556800000,154
151,30.1159,30.2002,30.0692,30.2089,30.048199999999998,1731560400000,151
154,29.9941,30.079600000000003,29.8822,30.105300000000003,29.8098,1731564000000,154
155,29.8494,29.871000000000002,29.856199999999998,29.9562,29.721200000000003,1731567600000,155
155,29.8802,29.8082,29.885199999999998,29.9282,29.7832,1731571200000,155
154,29.8003,29.8922,29.805199999999996,29.9282,29.6902,1731574800000,154
153,29.8119,29.8062,29.849200000000003,29.869199999999996,29.721200000000003,1731578400000,153
148,29.8656,29.854200000000002,29.985200000000003,29.9902,29.7672,1731582000000,148
155,29.9631,29.9971,29.9032,30.026200000000003,29.8552,1731585600000,155
155,30.1083,29.9362,30.1612,30.270200000000003,29.8632,1731589200000,155
155,30.2235,30.1662,30.2312,30.3472,30.0992,1731592800000,155
153,30.3518,30.2002,30.3532,30.4542,30.1922,1731596400000,153
154,30.4397,30.3512,30.5232,30.5232,30.344199999999997,1731600000000,154
155,30.4912,30.462200000000003,30.5122,30.5472,30.4362,1731603600000,155
151,30.4934,30.5182,30.4782,30.5202,30.461199999999998,1731607200000,151
152,30.5963,30.489200000000004,30.630200000000002,30.644199999999998,30.4782,1731610800000,152
156,30.4872,30.6312,30.5152,30.6312,30.3852,1731614400000,156
153,30.4831,30.5182,30.4407,30.5402,30.4352,1731618000000,153
1,30.4407,30.4407,30.4407,30.4407,30.4407,1731621600000,1
145,30.3834,30.4311,30.3632,30.4429,30.3482,1731625200000,145
152,30.3905,30.377200000000002,30.3912,30.4272,30.3632,1731628800000,152
156,30.4214,30.3552,30.367800000000003,30.5182,30.3162,1731632400000,156
155,30.4915,30.373199999999997,30.537200000000002,30.5522,30.367800000000003,1731636000000,155
156,30.5097,30.537200000000002,30.4782,30.558200000000003,30.477199999999996,1731639600000,156
154,30.4988,30.4762,30.5102,30.5422,30.469199999999997,1731643200000,154
154,30.4573,30.5032,30.342200000000002,30.5272,30.342200000000002,1731646800000,154
156,30.3022,30.3392,30.3286,30.3658,30.2254,1731650400000,156
155,30.3421,30.322100000000002,30.373199999999997,30.3922,30.2982,1731654000000,155
152,30.3747,30.3622,30.433200000000003,30.4641,30.2832,1731657600000,152
150,30.3977,30.4482,30.341199999999997,30.4712,30.341199999999997,1731661200000,150
154,30.4377,30.356199999999998,30.5752,30.6232,30.297200000000004,1731664800000,154
154,30.6474,30.568199999999997,30.6902,30.7812,30.5502,1731668400000,154
152,30.6197,30.684199999999997,30.6382,30.6902,30.5842,1731672000000,152
155,30.6583,30.7222,30.558200000000003,30.8062,30.521200000000004,1731675600000,155
153,30.7083,30.566200000000002,30.7692,30.805199999999996,30.566200000000002,1731679200000,153
154,30.5472,30.6882,30.5112,30.7072,30.401200000000003,1731682800000,154
153,30.4009,30.496199999999998,30.3131,30.5472,30.2792,1731686400000,153
155,30.3247,30.308400000000002,30.307599999999997,30.381400000000003,30.2659,1731690000000,155
153,30.3172,30.3029,30.3462,30.3792,30.238200000000003,1731693600000,153
148,30.3008,30.3522,30.2982,30.3572,30.241200000000003,1731697200000,148
154,30.2404,30.2952,30.2442,30.297200000000004,30.1782,1731700800000,154
147,30.2361,30.249200000000002,30.218200000000003,30.2562,30.209200000000003,1731704400000,147
1,30.2552,30.2552,30.2552,30.2552,30.2552,1731880800000,1
118,30.3559,30.2898,30.3852,30.4022,30.265200000000004,1731884400000,118
153,30.3997,30.374200000000002,30.462200000000003,30.4672,30.366200000000003,1731888000000,153
155,30.5626,30.4482,30.566499999999998,30.6521,30.4472,1731891600000,155
155,30.6334,30.571499999999997,30.6392,30.669199999999996,30.546499999999998,1731895200000,155
150,30.6178,30.6397,30.620199999999997,30.660400000000003,30.585200000000004,1731898800000,150
145,30.6726,30.6272,30.7102,30.718200000000003,30.6142,1731902400000,145
153,30.6224,30.7042,30.589199999999998,30.718200000000003,30.578200000000002,1731906000000,153
153,30.6217,30.5842,30.647600000000004,30.671499999999998,30.5172,1731909600000,153
155,30.6161,30.637199999999996,30.588199999999997,30.657200000000003,30.5832,1731913200000,155
153,30.6624,30.598200000000002,30.6502,30.7313,30.5976,1731916800000,153
156,30.6879,30.6482,30.7522,30.7575,30.6092,1731920400000,156
156,30.7358,30.750200000000003,30.758200000000002,30.7632,30.706300000000002,1731924000000,156
155,30.7572,30.7592,30.750200000000003,30.8024,30.709699999999998,1731927600000,155
152,30.7522,30.7392,30.8082,30.834100000000003,30.6982,1731931200000,152
156,30.9034,30.8112,30.9112,30.9953,30.788500000000003,1731934800000,156
155,30.9958,30.919800000000002,31.1242,31.1242,30.8972,1731938400000,155
156,31.1727,31.117199999999997,31.1969,31.250200000000003,31.0752,1731942000000,156
148,31.2059,31.202699999999997,31.2312,31.2552,31.144199999999998,1731945600000,148
152,31.1699,31.2312,31.1602,31.241200000000003,31.128600000000002,1731949200000,152
154,31.1074,31.1735,31.0657,31.1735,31.017200000000003,1731952800000,154
151,31.0716,31.0752,31.081799999999998,31.093199999999996,31.044400000000003,1731956400000,151
149,31.1232,31.0821,31.1232,31.1652,31.081799999999998,1731960000000,149
145,31.1465,31.122200000000003,31.162200000000002,31.1682,31.1212,1731963600000,145
2,31.1535,31.162200000000002,31.1447,31.162200000000002,31.1447,1731967200000,2
140,31.1609,31.1382,31.162200000000002,31.172500000000003,31.1352,1731970800000,140
150,31.1484,31.1652,31.1397,31.169200000000004,31.128700000000002,1731974400000,150
155,31.2046,31.1624,31.2562,31.2572,31.1386,1731978000000,155
155,31.283,31.247600000000002,31.327600000000004,31.3369,31.2312,1731981600000,155
156,31.3722,31.337400000000002,31.369699999999998,31.4321,31.3202,1731985200000,156
155,31.3442,31.3665,31.3088,31.3792,31.3088,1731988800000,155
150,31.2798,31.3082,31.325799999999997,31.325799999999997,31.2552,1731992400000,150
156,31.3391,31.3255,31.2992,31.4006,31.2897,1731996000000,156
154,31.2388,31.2962,31.2422,31.2962,31.189199999999996,1731999600000,154
155,31.2516,31.2352,31.3382,31.339299999999998,31.1857,1732003200000,155
156,31.4192,31.347499999999997,31.409200000000002,31.526200000000003,31.33,1732006800000,156
154,31.4106,31.373199999999997,31.412,31.4442,31.373199999999997,1732010400000,154
156,31.3471,31.407600000000002,31.2752,31.4282,31.2752,1732014000000,156
153,31.3387,31.2892,31.431800000000003,31.4336,31.2736,1732017600000,153
155,31.3036,31.412,31.3002,31.431800000000003,31.1882,1732021200000,155
155,31.2078,31.317199999999996,31.0752,31.3302,31.0622,1732024800000,155
155,31.146,31.0942,31.0922,31.2032,31.0752,1732028400000,155
155,31.1271,31.105200000000004,31.152199999999997,31.205199999999998,31.0522,1732032000000,155
155,31.2037,31.142200000000003,31.176199999999998,31.2622,31.142200000000003,1732035600000,155
156,31.1776,31.164199999999997,31.2342,31.2342,31.1392,1732039200000,156
150,31.2477,31.238200000000003,31.269199999999998,31.2792,31.221199999999996,1732042800000,150
152,31.2713,31.2512,31.2622,31.297200000000004,31.2432,1732046400000,152
150,31.2227,31.260199999999998,31.2032,31.269199999999998,31.1722,1732050000000,150
2,31.2,31.2032,31.1968,31.2032,31.1968,1732053600000,2
146,31.2435,31.1272,31.2767,31.292099999999998,31.1272,1732057200000,146
153,31.2817,31.2762,31.2572,31.3045,31.2572,1732060800000,153
156,31.1975,31.3114,31.1705,31.3262,31.1264,1732064400000,156
156,31.1886,31.1655,31.205199999999998,31.2276,31.1319,1732068000000,156
154,31.2012,31.201200000000004,31.1629,31.253199999999996,31.1612,1732071600000,154
148,31.1744,31.167399999999997,31.185200000000002,31.2001,31.1596,1732075200000,148
153,31.1497,31.176199999999998,31.1279,31.194200000000002,31.093199999999996,1732078800000,153
155,31.0341,31.1298,31.033200000000004,31.1327,30.9752,1732082400000,155
155,30.9842,31.026200000000003,30.9122,31.043499999999998,30.893199999999997,1732086000000,155
150,30.9233,30.913200000000003,30.9412,30.947599999999998,30.8702,1732089600000,150
153,30.9252,30.920199999999998,30.8512,30.9782,30.8462,1732093200000,153
155,30.875,30.8592,30.8922,30.9274,30.8352,1732096800000,155
148,30.8461,30.889200000000002,30.849200000000003,30.908199999999997,30.8072,1732100400000,148
148,30.9379,30.869199999999996,30.9922,31.017200000000003,30.869199999999996,1732104000000,148
153,31.1224,31.021199999999997,31.1182,31.233200000000004,31.0062,1732107600000,153
155,31.1305,31.1112,31.0602,31.2042,31.054599999999997,1732111200000,155
155,31.0521,31.066200000000002,31.086000000000002,31.162800000000004,30.9504,1732114800000,155
156,31.0779,31.0881,31.0793,31.108299999999996,31.029500000000002,1732118400000,156
156,31.0696,31.0773,31.0522,31.1364,31.014200000000002,1732122000000,156
153,30.9485,31.0343,30.913200000000003,31.0542,30.864600000000003,1732125600000,153
152,30.9136,30.905200000000004,30.8972,30.9732,30.8722,1732129200000,152
154,30.844,30.898200000000003,30.8303,30.9032,30.7748,1732132800000,154
148,30.8325,30.836199999999998,30.8538,30.8663,30.789199999999997,1732136400000,148
1,30.8538,30.8538,30.8538,30.8538,30.8538,1732140000000,1
138,30.8878,30.845,30.9161,30.9356,30.7552,1732143600000,138
152,30.9725,30.9184,31.016199999999998,31.0272,30.895,1732147200000,152
155,31.0147,31.0692,31.0422,31.0862,30.950200000000002,1732150800000,155
156,31.0678,31.0312,31.061199999999996,31.121899999999997,31.0154,1732154400000,156
152,31.0483,31.061199999999996,31.141199999999998,31.142200000000003,30.972199999999997,1732158000000,152
151,31.1608,31.1512,31.1362,31.1882,31.1312,1732161600000,151
155,31.1502,31.1262,31.1868,31.241200000000003,31.097200000000004,1732165200000,155
152,31.2084,31.1781,31.2472,31.258200000000002,31.137300000000003,1732168800000,152
154,31.2663,31.2292,31.2762,31.2932,31.218200000000003,1732172400000,154
154,31.2439,31.2932,31.1982,31.297200000000004,31.174200000000003,1732176000000,154
152,31.0771,31.201200000000004,31.1332,31.2142,31.0032,1732179600000,152
153,31.0552,31.1312,31.0422,31.1402,30.996199999999998,1732183200000,153
150,31.0569,31.0502,31.0632,31.1152,31.0122,1732186800000,150
150,31.0584,31.058200000000003,31.0312,31.0942,31.017200000000003,1732190400000,150
151,30.9919,31.0183,31.021199999999997,31.0422,30.930200000000003,1732194000000,151
154,30.977,31.0372,30.7942,31.1292,30.7002,1732197600000,154
152,30.8572,30.7621,30.8312,30.962200000000003,30.757099999999998,1732201200000,152
152,30.7862,30.841200000000004,30.7102,30.8712,30.6512,1732204800000,152
150,30.7558,30.706200000000003,30.8842,30.905200000000004,30.6512,1732208400000,150
154,30.8727,30.8962,30.8912,30.905200000000004,30.8392,1732212000000,154
152,30.8289,30.885199999999998,30.7712,30.901199999999996,30.7632,1732215600000,152
149,30.7925,30.7832,30.7912,30.8202,30.7552,1732219200000,149
136,30.7712,30.7842,30.7911,30.7962,30.7472,1732222800000,136
1,30.7911,30.7911,30.7911,30.7911,30.7911,1732226400000,1
148,30.7613,30.7914,30.761200000000002,30.7969,30.7342,1732230000000,148
155,30.7971,30.7442,30.8152,30.836199999999998,30.7442,1732233600000,155
155,30.8556,30.8182,30.8489,30.898200000000003,30.809200000000004,1732237200000,155
155,30.9028,30.8654,30.9542,31.0023,30.822000000000003,1732240800000,155
154,30.9375,30.940199999999997,30.9175,31.013199999999998,30.8655,1732244400000,154
153,30.9106,30.905200000000004,30.949199999999998,30.965199999999996,30.8802,1732248000000,153
153,30.8715,30.921200000000002,30.881,30.9514,30.7712,1732251600000,153
154,31.0153,30.9125,31.0794,31.108600000000003,30.8539,1732255200000,154
151,31.1607,31.088199999999997,31.344199999999997,31.374200000000002,31.078200000000002,1732258800000,151
149,31.3499,31.3262,31.3642,31.3952,31.3062,1732262400000,149
154,31.2273,31.3522,31.2472,31.3672,31.130200000000002,1732266000000,154
153,31.323,31.249200000000002,31.3592,31.3792,31.2202,1732269600000,153
152,31.308,31.3522,31.252299999999998,31.3942,31.2292,1732273200000,152
152,31.2969,31.2672,31.3512,31.3752,31.240199999999998,1732276800000,152
153,31.1548,31.3752,31.0912,31.3752,31.0062,1732280400000,153
154,31.1136,31.1082,31.2362,31.2572,30.9482,1732284000000,154
155,31.2505,31.258200000000002,31.226200000000002,31.3202,31.1884,1732287600000,155
153,31.1888,31.233200000000004,31.238200000000003,31.265200000000004,31.1088,1732291200000,153
146,31.2527,31.237199999999998,31.269199999999998,31.2862,31.2122,1732294800000,146
152,31.2717,31.2642,31.275399999999998,31.3032,31.2242,1732298400000,152
153,31.2565,31.245199999999997,31.2672,31.2962,31.2252,1732302000000,153
146,31.2358,31.2552,31.216199999999997,31.2682,31.2042,1732305600000,146
151,31.2871,31.228199999999998,31.341199999999997,31.344199999999997,31.213199999999997,1732309200000,151
135,30.4011,30.637199999999996,30.332299999999996,30.689300000000003,30.2832,1732543200000,135
156,30.2579,30.3312,30.0632,30.3572,30.0632,1732546800000,156
156,30.1775,30.113200000000003,30.144399999999997,30.2422,30.101300000000002,1732550400000,156
152,30.1399,30.1502,30.1712,30.2004,30.0792,1732554000000,152
156,30.219,30.162200000000002,30.265200000000004,30.3062,30.1602,1732557600000,156
149,30.3207,30.245199999999997,30.3672,30.374200000000002,30.245199999999997,1732561200000,149
151,30.3368,30.3642,30.3282,30.369200000000003,30.2952,1732564800000,151
149,30.3182,30.3162,30.3001,30.3439,30.2892,1732568400000,149
2,30.2995,30.3001,30.298900000000003,30.3001,30.298900000000003,1732572000000,2
150,30.2294,30.2861,30.1095,30.3105,29.9954,1732575600000,150
155,30.1533,30.1127,30.098,30.237199999999998,30.0475,1732579200000,155
154,30.2145,30.1062,30.2375,30.2929,30.0892,1732582800000,154
154,30.2637,30.212400000000002,30.2736,30.2984,30.212400000000002,1732586400000,154
156,30.3503,30.2638,30.377,30.4032,30.263,1732590000000,156
153,30.3592,30.3733,30.340700000000002,30.4027,30.3283,1732593600000,153
155,30.2861,30.3344,30.3496,30.352500000000003,30.238599999999998,1732597200000,155
156,30.2842,30.3451,30.2442,30.352500000000003,30.2421,1732600800000,156
155,30.1995,30.2424,30.154200000000003,30.2725,30.131,1732604400000,155
151,30.2102,30.1482,30.240199999999998,30.2642,30.1212,1732608000000,151
155,30.3608,30.2312,30.429199999999998,30.4472,30.2242,1732611600000,155
148,30.4765,30.450200000000002,30.4852,30.502200000000002,30.438200000000002,1732615200000,148
150,30.4911,30.4802,30.536199999999997,30.5512,30.4411,1732618800000,150
148,30.5431,30.5402,30.556199999999997,30.5862,30.505200000000002,1732622400000,148
154,30.5641,30.5182,30.525199999999998,30.6902,30.450200000000002,1732626000000,154
155,30.4561,30.5522,30.369200000000003,30.5685,30.2912,1732629600000,155
156,30.4388,30.3872,30.4742,30.5282,30.354200000000002,1732633200000,156
156,30.468,30.482200000000002,30.4903,30.5272,30.4042,1732636800000,156
155,30.451,30.4792,30.4514,30.489200000000004,30.406200000000002,1732640400000,155
156,30.3608,30.440500000000004,30.3592,30.4552,30.297200000000004,1732644000000,156
154,30.4361,30.3592,30.4812,30.5018,30.3552,1732647600000,154
156,30.4916,30.4884,30.4921,30.5202,30.4482,1732651200000,156
142,30.4674,30.5152,30.4352,30.5152,30.4192,1732654800000,142
2,30.4309,30.4352,30.426599999999997,30.4352,30.426599999999997,1732658400000,2
148,30.4158,30.4075,30.4112,30.4362,30.3952,1732662000000,148
152,30.3898,30.425200000000004,30.3462,30.4312,30.3462,1732665600000,152
155,30.3519,30.3512,30.356299999999997,30.4057,30.2632,1732669200000,155
156,30.4414,30.349199999999996,30.4802,30.5182,30.349199999999996,1732672800000,156
155,30.4795,30.4809,30.502200000000002,30.5251,30.437199999999997,1732676400000,155
148,30.4945,30.500999999999998,30.472199999999997,30.5312,30.4632,1732680000000,148
155,30.5232,30.4682,30.5505,30.5952,30.4632,1732683600000,155
156,30.5837,30.550000000000004,30.6414,30.6414,30.5084,1732687200000,156
150,30.6684,30.6412,30.6582,30.6982,30.632199999999997,1732690800000,150
150,30.6139,30.6392,30.588199999999997,30.6922,30.5382,1732694400000,150
145,30.5275,30.597199999999997,30.505200000000002,30.597199999999997,30.4782,1732698000000,145
138,30.467,30.5032,30.4532,30.5132,30.4312,1732701600000,138
151,30.4471,30.450200000000002,30.514200000000002,30.5192,30.3752,1732705200000,151
146,30.4822,30.484199999999998,30.4042,30.5192,30.4042,1732708800000,146
149,30.4682,30.4262,30.5632,30.5842,30.3952,1732712400000,149
153,30.4646,30.548199999999998,30.4242,30.5632,30.388199999999998,1732716000000,153
154,30.1988,30.429199999999998,30.1072,30.445199999999996,30.0996,1732719600000,154
155,30.1293,30.0542,30.065200000000004,30.1902,30.0542,1732723200000,155
152,30.0707,30.056199999999997,30.049200000000003,30.1282,29.985200000000003,1732726800000,152
149,30.0795,30.0382,30.078200000000002,30.117199999999997,30.0272,1732730400000,149
148,30.0499,30.080199999999998,30.0322,30.1022,29.9982,1732734000000,148
149,30.0775,30.0312,30.1072,30.1112,30.016199999999998,1732737600000,149
139,30.0894,30.1072,30.0952,30.1142,30.0742,1732741200000,139
2,30.0888,30.0952,30.0824,30.0952,30.0824,1732744800000,2
136,30.0955,29.9872,30.1032,30.115499999999997,29.9872,1732748400000,136
149,30.1205,30.113200000000003,30.1097,30.1552,30.0922,1732752000000,149
156,29.8323,30.097200000000004,29.859599999999997,30.128899999999998,29.644199999999998,1732755600000,156
156,29.8451,29.889400000000002,29.817200000000003,29.8993,29.8032,1732759200000,156
156,29.7861,29.8232,29.8002,29.8255,29.740199999999998,1732762800000,156
154,29.8602,29.7961,29.8792,29.9142,29.7808,1732766400000,154
151,29.8657,29.876199999999997,29.8642,29.8992,29.834200000000003,1732770000000,151
153,29.8686,29.8602,29.8872,29.9422,29.810200000000002,1732773600000,153
155,29.8603,29.8962,29.876199999999997,29.9042,29.8152,1732777200000,155
149,29.9074,29.866200000000003,30.0252,30.0469,29.837199999999996,1732780800000,149
146,29.9924,30.021199999999997,29.9902,30.0324,29.970200000000002,1732784400000,146
149,30.0233,29.9882,30.056199999999997,30.0792,29.9872,1732788000000,149
147,30.1004,30.0512,30.101899999999997,30.1232,30.0432,1732791600000,147
152,30.0845,30.100099999999998,30.093199999999996,30.117199999999997,30.065200000000004,1732795200000,152
153,30.1246,30.1072,30.2152,30.2152,30.0372,1732798800000,153
150,30.2173,30.196199999999997,30.185200000000002,30.2522,30.1822,1732802400000,150
150,30.1983,30.1802,30.2152,30.2422,30.152199999999997,1732806000000,150
145,30.2564,30.228199999999998,30.277199999999997,30.290200000000002,30.2072,1732809600000,145
143,30.2739,30.280199999999997,30.2673,30.2912,30.258599999999998,1732813200000,143
115,30.2596,30.272199999999998,30.245099999999997,30.277199999999997,30.2301,1732816800000,115
71,30.2305,30.250100000000003,30.217,30.250100000000003,30.215,1732820400000,71
1,30.217,30.217,30.217,30.217,30.217,1732831200000,1
145,30.2172,30.2286,30.237199999999998,30.2406,30.177400000000002,1732834800000,145
149,30.225,30.237199999999998,30.205199999999998,30.250200000000003,30.2022,1732838400000,149
156,30.3481,30.216199999999997,30.4072,30.4411,30.201200000000004,1732842000000,156
156,30.5665,30.4032,30.629199999999997,30.6463,30.4032,1732845600000,156
154,30.6478,30.622200000000003,30.6792,30.7024,30.5922,1732849200000,154
152,30.6945,30.6837,30.6967,30.725199999999997,30.6655,1732852800000,152
154,30.6978,30.7017,30.6722,30.726200000000002,30.662200000000002,1732856400000,154
154,30.6899,30.672299999999996,30.7007,30.751700000000003,30.633200000000002,1732860000000,154
156,30.6573,30.7033,30.630200000000002,30.716500000000003,30.5952,1732863600000,156
152,30.629,30.6342,30.6562,30.6882,30.5822,1732867200000,152
149,30.6679,30.6382,30.7072,30.7072,30.625200000000003,1732870800000,149
150,30.6939,30.693199999999997,30.6852,30.7272,30.6702,1732874400000,150
147,30.7107,30.6802,30.706200000000003,30.7462,30.6682,1732878000000,147
146,30.7574,30.718200000000003,30.7822,30.790200000000002,30.706200000000003,1732881600000,146
149,30.7837,30.789199999999997,30.662200000000002,30.8772,30.658900000000003,1732885200000,149
156,30.665,30.669199999999996,30.6132,30.7422,30.5322,1732888800000,156
154,30.6336,30.610699999999998,30.6312,30.7032,30.5742,1732892400000,154
152,30.6889,30.684199999999997,30.6902,30.726200000000002,30.6462,1732896000000,152
151,30.6273,30.689200000000003,30.6432,30.694200000000002,30.5862,1732899600000,151
144,30.6058,30.6342,30.5739,30.6582,30.549500000000002,1732903200000,144
117,30.58,30.5737,30.6092,30.621199999999998,30.5455,1732906800000,117
1,30.6212,30.621199999999998,30.621199999999998,30.621199999999998,30.621199999999998,1733090400000,1
118,30.4687,30.551600000000004,30.4681,30.551600000000004,30.4137,1733094000000,118
154,30.4439,30.465300000000003,30.4072,30.489200000000004,30.385999999999996,1733097600000,154
156,30.3683,30.433200000000003,30.406200000000002,30.4472,30.309199999999997,1733101200000,156
155,30.2825,30.413199999999996,30.1512,30.4162,30.1512,1733104800000,155
156,30.1869,30.1712,30.2139,30.2344,30.1392,1733108400000,156
151,30.1873,30.2194,30.1612,30.221199999999996,30.152199999999997,1733112000000,151
153,30.1291,30.1672,30.097200000000004,30.1672,30.0822,1733115600000,153
156,30.1183,30.0962,30.175800000000002,30.2022,30.056199999999997,1733119200000,156
155,30.2055,30.182799999999997,30.1672,30.2632,30.1432,1733122800000,155
154,30.1696,30.1552,30.1932,30.217200000000002,30.0632,1733126400000,154
149,30.2444,30.1912,30.2242,30.2942,30.184199999999997,1733130000000,149
146,30.2596,30.2232,30.265200000000004,30.301199999999998,30.217200000000002,1733133600000,146
149,30.3985,30.2662,30.4712,30.526200000000003,30.265200000000004,1733137200000,149
156,30.4338,30.457200000000004,30.365199999999998,30.5032,30.3572,1733140800000,156
154,30.4771,30.369200000000003,30.5993,30.600199999999997,30.329200000000004,1733144400000,154
154,30.5668,30.617200000000004,30.4852,30.667700000000004,30.4664,1733148000000,154
154,30.4371,30.4712,30.354200000000002,30.541199999999996,30.345200000000002,1733151600000,154
153,30.4167,30.3462,30.464199999999998,30.4803,30.322200000000002,1733155200000,153
145,30.4561,30.4602,30.4242,30.505200000000002,30.4192,1733158800000,145
154,30.424,30.4232,30.430200000000003,30.452099999999998,30.4022,1733162400000,154
149,30.4217,30.4312,30.401200000000003,30.4432,30.3903,1733166000000,149
153,30.4976,30.386200000000002,30.504199999999997,30.5842,30.3852,1733169600000,153
139,30.496,30.5082,30.501099999999997,30.5242,30.4662,1733173200000,139
5,30.5039,30.501099999999997,30.5082,30.5082,30.501099999999997,1733176800000,5
149,30.5664,30.4916,30.6032,30.6082,30.475399999999997,1733180400000,149
154,30.5645,30.5947,30.529300000000003,30.6072,30.5257,1733184000000,154
152,30.6058,30.533199999999997,30.5442,30.692700000000002,30.4882,1733187600000,152
154,30.5072,30.5312,30.5322,30.5502,30.4602,1733191200000,154
152,30.5629,30.516199999999998,30.593200000000003,30.617200000000004,30.497200000000003,1733194800000,152
150,30.5922,30.593200000000003,30.5772,30.6232,30.5672,1733198400000,150
148,30.5791,30.565199999999997,30.6582,30.676199999999998,30.5222,1733202000000,148
151,30.8428,30.6682,30.886499999999998,30.9296,30.652199999999997,1733205600000,151
156,30.9293,30.879499999999997,30.9142,30.977300000000003,30.8673,1733209200000,156
154,30.9063,30.9232,30.9662,30.9713,30.849200000000003,1733212800000,154
151,30.988,30.969200000000004,31.0032,31.0202,30.9482,1733216400000,151
144,30.9835,30.9882,30.953200000000002,31.0072,30.9482,1733220000000,144
142,30.9238,30.9482,30.908199999999997,30.953200000000002,30.8962,1733223600000,142
150,30.8449,30.9102,30.804199999999998,30.9122,30.8002,1733227200000,150
150,30.8838,30.809200000000004,31.0032,31.0469,30.765199999999997,1733230800000,150
153,30.9548,31.026200000000003,30.8552,31.068199999999997,30.8452,1733234400000,153
153,30.7953,30.789199999999997,30.869199999999996,30.8752,30.7258,1733238000000,153
150,30.953,30.874200000000002,31.026200000000003,31.0312,30.8602,1733241600000,150
149,30.9912,31.0242,31.0182,31.0422,30.9362,1733245200000,149
152,31.0187,31.0052,31.0672,31.080199999999998,30.982200000000002,1733248800000,152
153,31.0196,31.080199999999998,31.013199999999998,31.080199999999998,30.9914,1733252400000,153
144,31.0378,31.002200000000002,31.0182,31.0592,31.002200000000002,1733256000000,144
139,31.0224,31.0242,31.017799999999998,31.034200000000002,31.0102,1733259600000,139
2,31.0155,31.017799999999998,31.013199999999998,31.017799999999998,31.013199999999998,1733263200000,2
144,30.9994,30.985500000000002,30.984199999999998,31.014200000000002,30.984199999999998,1733266800000,144
153,30.9738,30.9872,30.9542,31.001200000000004,30.9462,1733270400000,153
152,30.9515,30.9412,31.004199999999997,31.0069,30.9092,1733274000000,152
155,31.0086,31.0102,31.016199999999998,31.1071,30.9462,1733277600000,155
154,30.9775,31.0082,30.9712,31.0222,30.9342,1733281200000,154
155,30.996,30.9662,31.036199999999997,31.041200000000003,30.957199999999997,1733284800000,155
154,31.0582,31.0312,31.065200000000004,31.1382,31.009200000000003,1733288400000,154
156,31.027,31.0432,31.0312,31.1032,30.9742,1733292000000,156
154,30.9887,31.0217,30.9592,31.0419,30.938200000000002,1733295600000,154
153,30.8806,30.957199999999997,30.8772,30.9592,30.8192,1733299200000,153
153,30.8306,30.8768,30.8152,30.877799999999997,30.789199999999997,1733302800000,153
151,30.8191,30.8202,30.8322,30.8472,30.7942,1733306400000,151
152,30.8527,30.8312,30.837199999999996,30.9042,30.8013,1733310000000,152
154,30.748,30.8552,30.5792,30.8552,30.5632,1733313600000,154
154,30.6341,30.566200000000002,30.7752,30.7752,30.4752,1733317200000,154
155,30.9975,30.760199999999998,31.153200000000002,31.175600000000003,30.7422,1733320800000,155
155,31.2831,31.1846,31.344199999999997,31.4422,31.119,1733324400000,155
156,31.3671,31.373199999999997,31.2962,31.4662,31.249200000000002,1733328000000,156
155,31.3589,31.2712,31.3582,31.414699999999996,31.258200000000002,1733331600000,155
156,31.3377,31.3532,31.2932,31.3986,31.2879,1733335200000,156
156,31.2901,31.2302,31.308,31.358000000000004,31.2042,1733338800000,156
154,31.3045,31.304,31.2904,31.330900000000003,31.2783,1733342400000,154
143,31.2944,31.2896,31.2862,31.3142,31.2792,1733346000000,143
2,31.2879,31.2862,31.2895,31.2895,31.2862,1733349600000,2
145,31.3202,31.0402,31.313200000000002,31.3513,31.0402,1733353200000,145
152,31.3024,31.317400000000003,31.309199999999997,31.323800000000002,31.2762,1733356800000,152
156,31.3218,31.3142,31.2292,31.4136,31.201200000000004,1733360400000,156
155,31.1934,31.2202,31.1512,31.2442,31.1343,1733364000000,155
155,31.2126,31.145899999999997,31.2572,31.260199999999998,31.1312,1733367600000,155
154,31.238,31.260199999999998,31.2072,31.2862,31.1822,1733371200000,154
154,31.2789,31.216199999999997,31.302200000000003,31.3532,31.2042,1733374800000,154
154,31.2558,31.305200000000003,31.226200000000002,31.3142,31.186200000000003,1733378400000,154
153,31.2546,31.226200000000002,31.237199999999998,31.3399,31.2053,1733382000000,153
152,31.2472,31.2462,31.2487,31.301199999999998,31.1955,1733385600000,152
149,31.2702,31.2642,31.3252,31.3252,31.2302,1733389200000,149
148,31.3624,31.3152,31.345200000000002,31.405199999999997,31.3152,1733392800000,148
152,31.3421,31.3392,31.3462,31.369200000000003,31.3112,1733396400000,152
155,31.3092,31.3462,31.3622,31.3622,31.250200000000003,1733400000000,155
156,31.3135,31.3912,31.355800000000002,31.4042,31.2221,1733403600000,156
153,31.3049,31.3512,31.233200000000004,31.3872,31.1722,1733407200000,153
154,31.1338,31.184199999999997,31.1722,31.2302,31.017200000000003,1733410800000,154
153,31.1933,31.185200000000002,31.1802,31.253199999999996,31.1382,1733414400000,153
154,31.0957,31.1472,31.0912,31.2102,31.017899999999997,1733418000000,154
155,31.0799,31.097200000000004,31.125199999999996,31.1352,31.0302,1733421600000,155
153,31.1862,31.1392,31.250200000000003,31.2612,31.1192,1733425200000,153
143,31.2786,31.2422,31.3282,31.3282,31.2422,1733428800000,143
140,31.3163,31.3367,31.3255,31.368199999999998,31.2832,1733432400000,140
1,31.3255,31.3255,31.3255,31.3255,31.3255,1733436000000,1
147,31.3487,31.322100000000002,31.3507,31.366200000000003,31.3218,1733439600000,147
152,31.2927,31.3504,31.2252,31.3615,31.217899999999997,1733443200000,152
154,31.0327,31.237199999999998,30.962200000000003,31.265200000000004,30.916400000000003,1733446800000,154
155,31.0695,30.9662,31.1564,31.1896,30.953200000000002,1733450400000,155
156,31.2625,31.1631,31.4007,31.409,31.147399999999998,1733454000000,156
156,31.4043,31.374799999999997,31.401200000000003,31.430000000000003,31.374799999999997,1733457600000,156
152,31.3438,31.408199999999997,31.3072,31.408199999999997,31.241200000000003,1733461200000,152
156,31.3092,31.305799999999998,31.2913,31.3792,31.2342,1733464800000,156
156,31.2482,31.2986,31.2642,31.3082,31.2047,1733468400000,156
152,31.2879,31.253199999999996,31.3162,31.337200000000003,31.2272,1733472000000,152
152,31.311,31.354200000000002,31.3218,31.365199999999998,31.2678,1733475600000,152
153,31.2222,31.2994,31.1752,31.3218,31.1517,1733479200000,153
152,31.1791,31.181199999999997,31.152199999999997,31.2292,31.141199999999998,1733482800000,152
153,31.1779,31.1362,31.1722,31.2362,31.091700000000003,1733486400000,153
156,31.1394,31.1672,31.256399999999996,31.3077,31.0392,1733490000000,156
156,31.0513,31.259,31.0232,31.322200000000002,30.834200000000003,1733493600000,156
156,31.0958,31.0192,31.0832,31.181199999999997,31.002200000000002,1733497200000,156
156,31.1803,31.073200000000003,31.154200000000003,31.2643,31.0432,1733500800000,156
152,31.0901,31.144199999999998,31.0502,31.1562,31.0312,1733504400000,152
152,31.0517,31.0222,31.0282,31.1072,31.0082,1733508000000,152
147,30.975,31.0302,30.9912,31.0322,30.9242,1733511600000,147
154,30.993,30.985200000000003,30.982200000000002,31.0152,30.964199999999998,1733515200000,154
144,30.9739,30.9912,30.9412,30.9912,30.9412,1733518800000,144
1,30.9412,30.9412,30.9412,30.9412,30.9412,1733695200000,1
117,31.0441,31.0049,31.0632,31.105300000000003,30.9541,1733698800000,117
155,30.9754,31.0753,30.9768,31.0753,30.9222,1733702400000,155
155,31.1874,30.989099999999997,31.216199999999997,31.281999999999996,30.9568,1733706000000,155
155,31.161,31.2042,31.091599999999996,31.278100000000002,30.9641,1733709600000,155
153,31.0176,31.091700000000003,30.953200000000002,31.0964,30.953200000000002,1733713200000,153
154,30.9222,30.9562,30.9192,30.9569,30.885199999999998,1733716800000,154
155,30.9364,30.9152,30.9582,30.9732,30.873200000000004,1733720400000,155
155,31.0789,30.9582,31.118799999999997,31.1598,30.9342,1733724000000,155
155,31.203,31.12,31.2912,31.2962,31.119600000000002,1733727600000,155
144,31.2851,31.2932,31.317199999999996,31.324199999999998,31.253199999999996,1733731200000,144
150,31.3529,31.2832,31.3922,31.410100000000003,31.2832,1733734800000,150
151,31.4649,31.3962,31.6136,31.629099999999998,31.3832,1733738400000,151
153,31.6403,31.633799999999997,31.6432,31.6934,31.5592,1733742000000,153
154,31.6442,31.6312,31.7242,31.7242,31.5898,1733745600000,154
156,31.8383,31.701199999999996,32.0475,32.065999999999995,31.667599999999997,1733749200000,156
156,32.0827,32.0528,32.2032,32.221199999999996,31.9672,1733752800000,156
155,32.2058,32.2012,32.097300000000004,32.270799999999994,32.0856,1733756400000,155
156,32.0616,32.104,32.0702,32.1453,31.9902,1733760000000,156
153,32.0496,32.0772,32.0132,32.1052,31.997199999999996,1733763600000,153
156,31.9435,31.997199999999996,31.8922,32.0132,31.875,1733767200000,156
156,31.8571,31.8872,31.854499999999998,31.8989,31.8048,1733770800000,156
155,31.809,31.8432,31.7847,31.8505,31.7696,1733774400000,155
150,31.8163,31.7882,31.830900000000003,31.8352,31.7827,1733778000000,150
1,31.8309,31.830900000000003,31.830900000000003,31.830900000000003,31.830900000000003,1733781600000,1
150,31.8452,31.8094,31.8956,31.908400000000004,31.8002,1733785200000,150
151,31.8963,31.901899999999998,31.9611,31.9611,31.855,1733788800000,151
156,31.9083,31.960500000000003,31.8992,31.9904,31.8192,1733792400000,156
155,31.9634,31.906200000000002,31.9824,32.008500000000005,31.885099999999998,1733796000000,155
155,31.9663,31.9761,31.9808,32.0194,31.9158,1733799600000,155
155,32.0116,31.9881,31.9663,32.0479,31.9663,1733803200000,155
155,31.9513,31.955499999999997,31.937200000000004,31.9999,31.9222,1733806800000,155
156,31.9161,31.945200000000003,31.934900000000003,31.9662,31.869199999999996,1733810400000,156
156,31.8521,31.931700000000003,31.7562,31.931700000000003,31.750200000000003,1733814000000,156
153,31.7636,31.7592,31.8132,31.8502,31.7052,1733817600000,153
152,31.8311,31.810200000000002,31.824199999999998,31.8922,31.7882,1733821200000,152
151,31.8477,31.824199999999998,31.886200000000002,31.9142,31.773199999999996,1733824800000,151
151,31.8405,31.868199999999998,31.8942,31.8952,31.809200000000004,1733828400000,151
155,31.8848,31.8902,31.9122,31.938200000000002,31.817899999999998,1733832000000,155
154,31.8365,31.8772,31.898200000000003,31.9231,31.7512,1733835600000,154
154,31.9787,31.9103,31.9872,32.0542,31.893199999999997,1733839200000,154
156,31.9202,32.0032,31.950300000000002,32.0032,31.8592,1733842800000,156
155,31.9133,31.916400000000003,31.9694,31.9694,31.8568,1733846400000,155
154,32.0129,31.9743,32.0662,32.0893,31.962200000000003,1733850000000,154
156,32.0415,32.045199999999994,32.0167,32.075,32.0034,1733853600000,156
154,31.9812,32.0042,31.8961,32.053799999999995,31.8942,1733857200000,154
154,31.831,31.901500000000002,31.825200000000002,31.901500000000002,31.8072,1733860800000,154
144,31.8711,31.817200000000003,31.883499999999998,31.9312,31.8132,1733864400000,144
1,31.8835,31.883499999999998,31.883499999999998,31.883499999999998,31.883499999999998,1733868000000,1
151,31.9023,31.899,31.8962,31.930200000000003,31.8783,1733871600000,151
150,31.9308,31.908199999999997,31.9862,31.989199999999997,31.8839,1733875200000,150
155,31.9823,31.9902,32.0062,32.0592,31.9079,1733878800000,155
156,32.0264,32.0122,31.9542,32.0872,31.938200000000002,1733882400000,156
155,31.8491,31.965500000000002,31.6152,31.9802,31.6152,1733886000000,155
143,31.6027,31.674200000000003,31.556199999999997,31.7352,31.392,1733889600000,143
147,31.5742,31.5502,31.6602,31.6912,31.4122,1733893200000,147
155,31.7117,31.6722,31.7487,31.791700000000002,31.644199999999998,1733896800000,155
154,31.6302,31.7355,31.6072,31.7494,31.565199999999997,1733900400000,154
153,31.6974,31.588199999999997,31.6832,31.8332,31.5592,1733904000000,153
149,31.6717,31.7032,31.6462,31.721200000000003,31.6282,1733907600000,149
153,31.6556,31.642200000000003,31.642200000000003,31.696199999999997,31.6142,1733911200000,153
153,31.653,31.6402,31.702,31.7172,31.6112,1733914800000,153
154,31.7012,31.696199999999997,31.6822,31.7542,31.6562,1733918400000,154
154,31.6712,31.6602,31.696199999999997,31.7322,31.574,1733922000000,154
155,31.7988,31.6992,31.964199999999998,31.964199999999998,31.696199999999997,1733925600000,155
156,32.0725,31.9632,32.0504,32.1212,31.9312,1733929200000,156
155,32.0959,32.0357,32.1248,32.1614,31.983700000000002,1733932800000,155
156,32.051,32.1267,31.9494,32.1758,31.940199999999997,1733936400000,156
156,31.9241,31.948,31.804199999999998,32.0104,31.797199999999997,1733940000000,156
155,31.8936,31.8032,31.938200000000002,31.964199999999998,31.786800000000003,1733943600000,155
156,31.9391,31.933199999999996,31.864600000000003,31.982200000000002,31.8606,1733947200000,156
148,31.8858,31.864,31.884400000000003,31.9011,31.858900000000002,1733950800000,148
1,31.8844,31.884400000000003,31.884400000000003,31.884400000000003,31.884400000000003,1733954400000,1
130,31.8021,31.924999999999997,31.7942,31.924999999999997,31.7794,1733958000000,130
147,31.947,31.7992,32.0272,32.0344,31.7842,1733961600000,147
156,31.9328,32.0782,31.8712,32.0782,31.864299999999997,1733965200000,156
151,31.8646,31.8702,31.9394,31.9394,31.8062,1733968800000,151
147,31.9779,31.9494,32.0195,32.0245,31.9343,1733972400000,147
144,32.0349,32.0194,32.0597,32.0662,32.0042,1733976000000,144
146,32.0887,32.0651,32.1212,32.1822,32.055600000000005,1733979600000,146
146,32.1034,32.1205,32.1612,32.1618,32.0486,1733983200000,146
154,32.1472,32.156400000000005,32.1212,32.2073,32.0572,1733986800000,154
150,32.2055,32.1317,32.2272,32.3052,32.1072,1733990400000,150
142,32.1606,32.217200000000005,32.1372,32.2452,32.0632,1733994000000,142
152,32.0497,32.1355,31.9542,32.148199999999996,31.949199999999998,1733997600000,152
156,31.8447,31.937200000000004,31.849899999999998,31.996199999999998,31.7842,1734001200000,156
152,31.8243,31.8522,31.706200000000003,31.887700000000002,31.706200000000003,1734004800000,152
156,31.7717,31.7682,31.740199999999998,31.854200000000002,31.6882,1734008400000,156
155,31.4445,31.694200000000002,31.2862,31.7372,31.1752,1734012000000,155
156,31.0824,31.3072,30.977200000000003,31.3282,30.8832,1734015600000,156
154,31.0218,30.951,31.049200000000003,31.0722,30.951,1734019200000,154
156,31.0731,31.0391,31.054000000000002,31.130599999999998,31.0202,1734022800000,156
156,31.019,31.0392,31.029199999999996,31.0744,30.9422,1734026400000,156
155,30.9981,31.0192,30.9472,31.0792,30.9422,1734030000000,155
151,30.9523,30.949199999999998,30.9632,30.977200000000003,30.9272,1734033600000,151
133,30.9515,30.949099999999998,30.9343,30.989199999999997,30.8822,1734037200000,133
1,30.9343,30.9343,30.9343,30.9343,30.9343,1734040800000,1
149,30.9122,30.9392,30.893199999999997,30.9682,30.889200000000002,1734044400000,149
154,30.9012,30.885199999999998,30.930200000000003,30.9447,30.8518,1734048000000,154
154,31.0245,30.9458,31.029799999999998,31.096999999999998,30.9189,1734051600000,154
155,30.9421,31.0251,30.9056,31.029799999999998,30.8907,1734055200000,155
156,30.944,30.9146,30.9261,30.987499999999997,30.8975,1734058800000,156
156,30.9248,30.930200000000003,30.9352,30.9504,30.898200000000003,1734062400000,156
156,30.9118,30.945200000000003,30.9746,30.982799999999997,30.8592,1734066000000,156
154,30.9473,30.9894,30.9592,31.0023,30.8907,1734069600000,154
155,30.9362,30.9414,30.899800000000003,30.969200000000004,30.899800000000003,1734073200000,155
156,30.8836,30.868199999999998,30.7945,30.9263,30.7945,1734076800000,156
156,30.7344,30.849,30.6895,30.866200000000003,30.662000000000003,1734080400000,156
155,30.7863,30.720299999999998,30.7778,30.825,30.701199999999996,1734084000000,155
156,30.8051,30.780199999999997,30.7558,30.8539,30.746800000000004,1734087600000,156
156,30.7855,30.7259,30.821199999999997,30.8233,30.701099999999997,1734091200000,156
155,30.6527,30.841200000000004,30.558200000000003,30.841200000000004,30.4632,1734094800000,155
155,30.5056,30.563499999999998,30.528,30.563499999999998,30.4416,1734098400000,155
155,30.4429,30.5237,30.4982,30.557,30.2962,1734102000000,155
150,30.4814,30.495600000000003,30.4679,30.532600000000002,30.4102,1734105600000,150
3,30.4915,30.505899999999997,30.485699999999998,30.505899999999997,30.4829,1734109200000,3
56,30.5463,30.568299999999997,30.507700000000003,30.5711,30.495,1734112800000,56
156,30.4795,30.515700000000002,30.4542,30.535800000000002,30.441,1734116400000,156
154,30.4378,30.453799999999998,30.4629,30.469099999999997,30.4109,1734120000000,154
151,30.5383,30.469099999999997,30.5272,30.581899999999997,30.4558,1734123600000,151
1,30.5342,30.534200000000002,30.534200000000002,30.534200000000002,30.534200000000002,1734300000000,1
118,30.59,30.526100000000003,30.579800000000002,30.6129,30.523,1734303600000,118
155,30.5648,30.5823,30.535700000000002,30.594800000000003,30.519399999999997,1734307200000,155
156,30.5607,30.547599999999996,30.563100000000002,30.604,30.5152,1734310800000,156
156,30.5148,30.549500000000002,30.4752,30.563000000000002,30.4492,1734314400000,156
156,30.5234,30.4792,30.505999999999997,30.568,30.4562,1734318000000,156
152,30.5193,30.5098,30.5072,30.556199999999997,30.4912,1734321600000,152
155,30.5166,30.502200000000002,30.5722,30.5722,30.482200000000002,1734325200000,155
156,30.552,30.5722,30.5816,30.5894,30.5112,1734328800000,156
153,30.5967,30.5821,30.6449,30.673,30.550900000000002,1734332400000,153
152,30.6461,30.6246,30.6232,30.698100000000004,30.6088,1734336000000,152
155,30.6335,30.621199999999998,30.643700000000003,30.659399999999998,30.610200000000003,1734339600000,155
152,30.6296,30.645899999999997,30.6011,30.665899999999997,30.601,1734343200000,152
152,30.6368,30.608299999999996,30.6613,30.6714,30.6011,1734346800000,152
155,30.648,30.6673,30.631700000000002,30.6721,30.610599999999998,1734350400000,155
156,30.6798,30.6146,30.713200000000004,30.740199999999998,30.6146,1734354000000,156
156,30.617,30.720399999999998,30.5702,30.728199999999998,30.515800000000002,1734357600000,156
156,30.5507,30.580199999999998,30.5772,30.6168,30.462799999999998,1734361200000,156
156,30.5729,30.5827,30.585200000000004,30.6194,30.504199999999997,1734364800000,156
154,30.594,30.578300000000002,30.565199999999997,30.6294,30.5456,1734368400000,154
155,30.5692,30.569899999999997,30.6063,30.606699999999996,30.5432,1734372000000,155
152,30.6002,30.5946,30.561200000000003,30.627000000000002,30.561200000000003,1734375600000,152
152,30.5415,30.5664,30.514200000000002,30.5767,30.5032,1734379200000,152
150,30.5064,30.5132,30.519600000000004,30.5249,30.479000000000003,1734382800000,150
1,30.5196,30.519600000000004,30.519600000000004,30.519600000000004,30.519600000000004,1734386400000,1
147,30.5116,30.522,30.519299999999998,30.537899999999997,30.361200000000004,1734390000000,147
144,30.5176,30.517400000000002,30.5504,30.5659,30.4862,1734393600000,144
155,30.5388,30.549799999999998,30.589199999999998,30.596700000000002,30.497899999999998,1734397200000,155
154,30.5138,30.5812,30.470000000000002,30.589199999999998,30.440299999999997,1734400800000,154
155,30.4765,30.4745,30.476,30.506100000000004,30.434900000000003,1734404400000,155
154,30.4743,30.4793,30.4222,30.5096,30.4162,1734408000000,154
154,30.4555,30.4172,30.4632,30.539700000000003,30.4081,1734411600000,154
152,30.4198,30.4551,30.4109,30.4868,30.377200000000002,1734415200000,152
154,30.4829,30.404899999999998,30.4899,30.5239,30.404500000000002,1734418800000,154
154,30.3807,30.4607,30.2612,30.476,30.241200000000003,1734422400000,154
154,30.265,30.244500000000002,30.2785,30.322300000000002,30.2086,1734426000000,154
155,30.2582,30.2856,30.2042,30.305400000000002,30.2017,1734429600000,155
155,30.2649,30.2142,30.299599999999998,30.3175,30.1872,1734433200000,155
151,30.3034,30.2932,30.2828,30.3403,30.272199999999998,1734436800000,151
156,30.289,30.2826,30.2152,30.356199999999998,30.1799,1734440400000,156
156,30.305,30.2295,30.191499999999998,30.4222,30.148899999999998,1734444000000,156
155,30.3264,30.176,30.3992,30.4032,30.1657,1734447600000,155
156,30.4174,30.3912,30.4422,30.4802,30.349199999999996,1734451200000,156
154,30.4469,30.437199999999997,30.4832,30.4952,30.406200000000002,1734454800000,154
156,30.4736,30.4802,30.5072,30.5192,30.4102,1734458400000,156
153,30.494,30.5132,30.4752,30.521200000000004,30.462200000000003,1734462000000,153
156,30.4874,30.4762,30.509199999999996,30.5154,30.462200000000003,1734465600000,156
138,30.5062,30.503700000000002,30.5232,30.5302,30.4922,1734469200000,138
1,30.5232,30.5232,30.5232,30.5232,30.5232,1734472800000,1
145,30.486,30.4678,30.505200000000002,30.5302,30.4662,1734476400000,145
153,30.5151,30.501199999999997,30.5202,30.533199999999997,30.4922,1734480000000,153
156,30.519,30.553200000000004,30.5464,30.559700000000003,30.477199999999996,1734483600000,156
155,30.4779,30.546699999999998,30.4512,30.5571,30.439600000000002,1734487200000,155
154,30.4067,30.4462,30.387900000000002,30.457200000000004,30.3685,1734490800000,154
147,30.3812,30.3735,30.3859,30.4057,30.3548,1734494400000,147
154,30.4279,30.38,30.436899999999998,30.4801,30.3704,1734498000000,154
156,30.4109,30.4415,30.4145,30.4481,30.3598,1734501600000,156
156,30.4007,30.421300000000002,30.3976,30.4564,30.3501,1734505200000,156
155,30.3968,30.363,30.3852,30.4262,30.3433,1734508800000,155
153,30.3847,30.3782,30.4095,30.409899999999997,30.339399999999998,1734512400000,153
154,30.4284,30.4102,30.4152,30.4712,30.394599999999997,1734516000000,154
150,30.4146,30.4192,30.3722,30.4432,30.368199999999998,1734519600000,150
154,30.3871,30.3632,30.336199999999998,30.4321,30.3282,1734523200000,154
154,30.337,30.3152,30.3127,30.377799999999997,30.284299999999998,1734526800000,154
156,30.2707,30.327600000000004,30.2272,30.349199999999996,30.214799999999997,1734530400000,156
155,30.2205,30.205199999999998,30.2134,30.2542,30.176199999999998,1734534000000,155
156,30.1701,30.2134,30.128,30.226300000000002,30.1105,1734537600000,156
156,30.1966,30.1334,30.1882,30.2641,30.113799999999998,1734541200000,156
156,30.2333,30.2032,30.2272,30.269199999999998,30.1902,1734544800000,156
156,29.9661,30.0222,29.7662,30.2152,29.7592,1734548400000,156
156,29.5944,29.7642,29.467599999999997,29.8151,29.3831,1734552000000,156
154,29.3981,29.4765,29.3295,29.5242,29.249200000000002,1734555600000,154
1,29.3295,29.3295,29.3295,29.3295,29.3295,1734559200000,1
153,29.3294,29.338800000000003,29.309199999999997,29.3703,29.249200000000002,1734562800000,153
156,29.4556,29.334200000000003,29.608,29.613400000000002,29.309199999999997,1734566400000,156
156,29.5075,29.525899999999996,29.4933,29.608,29.413099999999996,1734570000000,156
156,29.4679,29.4877,29.5002,29.5172,29.4243,1734573600000,156
156,29.4584,29.4998,29.448,29.5121,29.4064,1734577200000,156
154,29.3907,29.456,29.407,29.4649,29.3568,1734580800000,154
155,29.4714,29.4262,29.439600000000002,29.5111,29.4153,1734584400000,155
156,29.5104,29.4411,29.5571,29.6025,29.3961,1734588000000,156
155,29.582,29.549699999999998,29.5542,29.643800000000002,29.546200000000002,1734591600000,155
155,29.5447,29.546200000000002,29.576500000000003,29.5995,29.4897,1734595200000,155
156,29.5799,29.5767,29.537200000000002,29.6192,29.537,1734598800000,156
156,29.5746,29.544500000000003,29.5281,29.698900000000002,29.4952,1734602400000,156
156,29.547,29.5272,29.525,29.5753,29.509199999999996,1734606000000,156
156,29.4387,29.5056,29.3256,29.529999999999998,29.281200000000002,1734609600000,156
156,29.2178,29.322200000000002,29.109199999999998,29.3675,29.098100000000002,1734613200000,156
156,29.1139,29.1212,28.977099999999997,29.231399999999997,28.9423,1734616800000,156
155,28.8398,28.944399999999998,28.8145,28.9656,28.7427,1734620400000,155
156,28.8677,28.805199999999996,28.866100000000003,28.952099999999998,28.7915,1734624000000,156
156,28.8733,28.8754,28.937200000000004,28.948600000000003,28.8301,1734627600000,156
154,29.0185,28.9375,29.0702,29.100199999999997,28.933300000000003,1734631200000,154
155,29.0782,29.0842,29.049200000000003,29.125199999999996,29.0402,1734634800000,155
154,29.112,29.0602,29.1032,29.157199999999996,29.0512,1734638400000,154
148,29.0485,29.090200000000003,29.034200000000002,29.109199999999998,29.016199999999998,1734642000000,148
1,29.0342,29.034200000000002,29.034200000000002,29.034200000000002,29.034200000000002,1734645600000,1
147,29.0133,28.994200000000003,29.0202,29.0392,28.9742,1734649200000,147
153,28.9971,29.0152,28.944,29.031499999999998,28.944,1734652800000,153
156,29.0131,28.972199999999997,29.0322,29.056199999999997,28.9042,1734656400000,156
156,28.9253,29.0312,28.9226,29.036199999999997,28.867,1734660000000,156
156,28.9038,28.9138,28.907700000000002,28.9493,28.8462,1734663600000,156
155,28.9678,28.9231,28.9786,29.002599999999997,28.8993,1734667200000,155
155,29.0027,28.9747,29.0169,29.038000000000004,28.954900000000002,1734670800000,155
156,29.0637,29.0082,29.078200000000002,29.1012,29.004199999999997,1734674400000,156
155,29.013,29.0632,28.989199999999997,29.0862,28.965199999999996,1734678000000,155
155,29.0114,29.0182,28.972199999999997,29.0762,28.937200000000004,1734681600000,155
154,28.9155,28.964199999999998,28.9048,28.9862,28.8424,1734685200000,154
155,28.8938,28.882900000000003,28.834200000000003,28.9331,28.825200000000002,1734688800000,155
153,28.8347,28.8306,28.8785,28.8809,28.8024,1734692400000,153
155,28.8705,28.838900000000002,28.8824,28.921300000000002,28.805199999999996,1734696000000,155
156,28.9491,28.8926,28.9946,29.0688,28.845,1734699600000,156
156,29.1853,28.9943,29.1832,29.3287,28.9943,1734703200000,156
156,29.3766,29.1912,29.494200000000003,29.5202,29.171599999999998,1734706800000,156
155,29.4311,29.497200000000003,29.408199999999997,29.5239,29.3822,1734710400000,155
156,29.4313,29.4172,29.418200000000002,29.4672,29.376199999999997,1734714000000,156
155,29.4918,29.4042,29.5992,29.660700000000002,29.3977,1734717600000,155
156,29.6426,29.6362,29.593200000000003,29.6904,29.5904,1734721200000,156
156,29.5451,29.6127,29.5383,29.6127,29.5112,1734724800000,156
154,29.4862,29.514599999999998,29.4362,29.5383,29.4312,1734728400000,154
1,29.4362,29.4362,29.4362,29.4362,29.4362,1734904800000,1
109,29.6324,29.602800000000002,29.664,29.7003,29.561200000000003,1734908400000,109
156,29.6239,29.657500000000002,29.5672,29.6729,29.5672,1734912000000,156
155,29.5774,29.585200000000004,29.5928,29.6312,29.5256,1734915600000,155
156,29.6446,29.588500000000003,29.691100000000002,29.7009,29.588500000000003,1734919200000,156
154,29.6669,29.702,29.6312,29.736500000000003,29.62,1734922800000,154
155,29.6293,29.6342,29.6569,29.6617,29.6043,1734926400000,155
156,29.6895,29.6521,29.6872,29.731499999999997,29.6472,1734930000000,156
154,29.6909,29.6712,29.7678,29.778900000000004,29.6072,1734933600000,154
155,29.8202,29.7639,29.795499999999997,29.8671,29.7591,1734937200000,155
154,29.7319,29.780400000000004,29.7487,29.7945,29.6686,1734940800000,154
154,29.7358,29.7646,29.7101,29.7646,29.6897,1734944400000,154
156,29.6638,29.712,29.6132,29.7384,29.5772,1734948000000,156
155,29.5882,29.6112,29.6095,29.6461,29.519600000000004,1734951600000,155
156,29.6225,29.6094,29.6082,29.654100000000003,29.5823,1734955200000,156
156,29.6388,29.5894,29.578200000000002,29.6822,29.5712,1734958800000,156
156,29.5801,29.5842,29.5592,29.6537,29.5382,1734962400000,156
155,29.5037,29.5642,29.489200000000004,29.5842,29.4262,1734966000000,155
156,29.5614,29.502200000000002,29.648899999999998,29.6576,29.484199999999998,1734969600000,156
155,29.6573,29.657899999999998,29.6072,29.7019,29.596899999999998,1734973200000,155
155,29.6429,29.6167,29.669199999999996,29.6982,29.6059,1734976800000,155
149,29.6758,29.6632,29.677699999999998,29.7074,29.6495,1734980400000,149
146,29.6702,29.6922,29.637199999999996,29.697200000000002,29.637199999999996,1734984000000,146
135,29.6366,29.642200000000003,29.6184,29.6553,29.6141,1734987600000,135
1,29.6184,29.6184,29.6184,29.6184,29.6184,1734991200000,1
133,29.6756,29.643800000000002,29.681200000000004,29.707700000000003,29.3112,1734994800000,133
145,29.6713,29.684199999999997,29.68,29.7053,29.635499999999997,1734998400000,145
149,29.6813,29.682699999999997,29.7102,29.7202,29.6382,1735002000000,149
154,29.7515,29.7072,29.7142,29.780199999999997,29.7072,1735005600000,154
152,29.7055,29.7042,29.7102,29.7552,29.6712,1735009200000,152
149,29.703,29.712,29.7552,29.7552,29.6767,1735012800000,149
150,29.727,29.760199999999998,29.6952,29.780199999999997,29.6772,1735016400000,150
155,29.6665,29.7002,29.662200000000002,29.7002,29.629199999999997,1735020000000,155
154,29.6787,29.662200000000002,29.6434,29.740199999999998,29.6342,1735023600000,154
155,29.6625,29.638799999999996,29.6162,29.6969,29.603499999999997,1735027200000,155
154,29.5779,29.610300000000002,29.553200000000004,29.6401,29.537200000000002,1735030800000,154


Next page available. To fetch, call call_api with path="/v2/aggs/ticker/C:XAGUSD/range/1/hour/1735034400000/2025-06-30" and params={"cursor": "bGltaXQ9NTAwMDAmc29ydD1hc2M"}
