o,c,h,l,t
19955.82821570009,20048.3879349053,20055.36044318014,19950.98571110724,1730466000000
20056.1023215416,20115.16761466905,20151.87929529222,20014.55130089014,1730469600000
20113.94053128684,20103.02038717624,20162.53625153521,20091.21218194838,1730473200000
20102.95901950912,20088.54021797858,20129.13445512072,20076.42785190462,1730476800000
20088.46971753321,20040.98723557772,20127.94316710633,20040.17916548053,1730480400000
20039.51684445895,20046.44164065421,20054.52072072015,20013.44901416164,1730484000000
20045.751454139,20032.15412634636,20081.31804921671,20004.6520513609,1730487600000
20031.3570014988,20033.14177682076,20033.14177682076,20031.3570014988,1730491200000
20011.54875249614,20014.20863254316,20018.24911897591,19898.56579200457,1730728800000
20016.52341426297,20067.22411666336,20085.10768722425,20003.31583043126,1730732400000
20067.45763077366,19961.1128830241,20106.9928115715,19942.31645825775,1730736000000
19961.09794931245,20011.30829018381,20025.84250744755,19919.17840362696,1730739600000
20011.27009730156,20028.85720542192,20052.66830732002,19973.00048634825,1730743200000
20029.8289619328,20019.95716874256,20047.58063055897,20010.03104506734,1730746800000
20020.04114815661,19966.57282201339,20020.69597174999,19954.25474580502,1730750400000
19966.37501312332,19963.60243440603,19966.37501312332,19963.60243440603,1730754000000
20042.926191717,20169.7940681259,20172.82638403999,20042.926191717,1730815200000
20172.64328513875,20139.23001452596,20192.8782395604,20130.49627897146,1730818800000
20139.07616372689,20219.69911744995,20224.68684429804,20120.18228974671,1730822400000
20219.7977544969,20231.61297778996,20249.20455985387,20208.806705228,1730826000000
20231.36237974439,20191.78388006297,20245.24537323897,20172.32802147731,1730829600000
20191.7721035379,20179.05073153265,20214.7767371113,20168.22989626942,1730833200000
20177.3900305904,20227.05043705203,20229.78002184635,20168.28015296637,1730836800000
20228.71147519434,20227.4564027995,20228.71147519434,20227.4564027995,1730840400000
20571.29469416267,20551.2883889827,20676.48319716882,20526.64124684151,1730901600000
20561.65734051336,20602.19718749739,20696.77260553883,20552.51040028061,1730905200000
20603.01065077544,20673.31197992488,20681.13250587902,20574.77197396892,1730908800000
20671.25362194259,20690.79544219377,20697.1853359351,20656.85162016809,1730912400000
20690.76427769923,20737.30422612077,20753.43311042993,20687.96509214681,1730916000000
20737.50943042738,20764.54815582013,20769.97075417865,20727.03028144348,1730919600000
20763.99278100515,20776.78713776441,20807.03445172862,20758.686101231,1730923200000
20787.85179521368,20781.3339968048,20787.85179521368,20781.3339968048,1730926800000
20896.4068041296,20994.17557454062,20994.26708535681,20896.4068041296,1730988000000
20994.72481522402,21038.54807465342,21044.55155398395,20972.67439679486,1730991600000
21038.93315435101,21073.8945742429,21076.60003220266,21010.08259440339,1730995200000
21074.06771904963,21072.91432519097,21076.39574783006,21042.14172607077,1730998800000
21073.02884756011,21061.31767884625,21073.95795993974,21034.09892599369,1731002400000
21061.17100969221,21109.88861580197,21109.88861580197,21045.16527346132,1731006000000
21110.71034823671,21101.63612227372,21132.79645867497,21084.45632328956,1731009600000
21105.05912004057,21101.56637805141,21105.05912004057,21101.56637805141,1731013200000
21083.57720526841,21102.92681843892,21125.05258079773,21067.47602695689,1731074400000
21104.20469480725,21087.20701353436,21118.4075232385,21050.31582548412,1731078000000
21087.43681110183,21109.47868659297,21123.42779143447,21060.82761949126,1731081600000
21109.52463042511,21108.80492445733,21119.46574621326,21087.6897639754,1731085200000
21108.780712415,21145.31626815724,21155.00152653391,21104.49871027656,1731088800000
21144.83431200326,21127.25773566007,21153.41466932662,21126.25565963651,1731092400000
21127.07695710649,21121.93227203407,21129.65815595503,21099.72476953226,1731096000000
21119.68419527395,21117.1790900579,21119.68419527395,21117.1790900579,1731099600000
21171.24293252471,21057.64601829822,21182.02491323876,21052.1580581033,1731333600000
21061.15127267226,21118.01598440668,21134.54616099942,21042.84588630459,1731337200000
21117.81495029067,21093.8345929103,21125.17735343272,21082.29341099676,1731340800000
21094.63284890629,21048.74285117881,21102.207704673,21047.4071188874,1731344400000
21044.74686348142,21071.5610680414,21084.23504636525,20993.48227857205,1731348000000
21070.97319845098,21064.29759162436,21073.58204597503,21046.88784938167,1731351600000
21064.41124653465,21111.79096247201,21111.79096247201,21061.06452728676,1731355200000
21107.39926740686,21106.59105707889,21107.39926740686,21106.59105707889,1731358800000
21105.4859538462,21133.84295580193,21144.67074187355,21068.8713031614,1731420000000
21134.45946863256,21073.2869260684,21136.31374689746,21070.44630892534,1731423600000
21074.26195584529,21046.3881602025,21095.37831789658,21034.07699239216,1731427200000
21045.82451759683,20957.99256437806,21058.08158549281,20957.99256437806,1731430800000
20958.02993574663,21069.74293294747,21084.53230251182,20946.73891413076,1731434400000
21068.95913210858,21076.61361218889,21097.88889674973,21064.88474390928,1731438000000
21076.57033279562,21072.71410715261,21092.30152656696,21057.94064682701,1731441600000
21071.58981000642,21070.79263387019,21071.58981000642,21070.79263387019,1731445200000
21049.65705346037,21030.85609498848,21073.29433567762,21013.87367987776,1731506400000
21034.30379697835,21007.03933161946,21034.30379697835,20955.23923636631,1731510000000
21006.98265317969,21056.48077395846,21064.38724726172,20984.15269304348,1731513600000
21056.24093133657,21118.10575280831,21120.6677921414,21050.24612035028,1731517200000
21118.58680652238,21145.27478497572,21154.93558459955,21101.20221404364,1731520800000
21145.17963970728,21070.16769771521,21145.52258402187,21057.87657179194,1731524400000
21068.94046078826,21041.14984481592,21105.34508500252,21011.8626796852,1731528000000
21036.89584078818,21036.16364503362,21036.89584078818,21036.16364503362,1731531600000
21052.0686785204,20981.73976874091,21067.65563515411,20958.35464818272,1731592800000
20984.11512274972,20986.13559021869,21031.06334020583,20940.45063488873,1731596400000
20985.43913363646,20992.81636203089,21028.51188285649,20981.92079189089,1731600000000
20993.08568707509,20973.84844962647,21001.42237312912,20910.49595919274,1731603600000
20973.12127783271,20922.39795104447,21008.68372292458,20918.83633683675,1731607200000
20922.05356279945,20957.96047479109,20978.74567885678,20920.8418708068,1731610800000
20957.85319825268,20898.71525477715,20958.04338440313,20864.02216229288,1731614400000
20897.84651577255,20896.67319871474,20897.84651577255,20896.67319871474,1731618000000
20679.98167067265,20592.910787941,20684.56511190389,20583.50233941611,1731679200000
20598.22659489283,20465.45380296287,20599.0938693849,20452.70695767812,1731682800000
20464.63527861125,20399.36119953606,20495.53170943952,20387.16158396514,1731686400000
20399.45288870368,20392.0563479901,20417.31446257617,20357.26202553317,1731690000000
20391.97051501499,20336.64275119474,20393.93476629736,20315.07836815006,1731693600000
20337.4045957224,20366.29401445606,20397.76943249751,20326.54312647296,1731697200000
20366.99922324832,20393.33329720898,20410.88754106102,20355.1458339583,1731700800000
20390.97430763075,20394.13326948533,20394.13326948533,20390.97430763075,1731704400000
20450.20481966368,20428.43892888976,20471.18567804997,20401.25732890282,1731938400000
20430.74831683416,20579.84184501638,20594.35782978186,20424.72499768957,1731942000000
20579.90328698086,20563.35581818425,20622.2806545194,20545.41976979137,1731945600000
20563.40077022212,20562.45395552978,20571.40447071411,20521.13894106013,1731949200000
20562.56486645379,20562.3431557305,20569.35036180112,20503.72357241355,1731952800000
20561.89637039403,20543.09061085079,20561.96424655761,20497.03601328619,1731956400000
20541.38347835408,20539.44351687749,20561.07871999054,20515.74983929805,1731960000000
20539.08443021817,20539.19157340101,20539.19157340101,20539.08443021817,1731963600000
20435.67635333792,20465.88197641534,20496.60538791705,20423.30091569019,1732024800000
20466.62716961582,20548.88106316793,20565.31788581541,20439.48043566545,1732028400000
20548.50400529616,20579.89706117975,20606.51019312903,20548.32100446829,1732032000000
20580.15805689226,20604.12438271367,20614.23871728535,20555.90921203658,1732035600000
20604.18834600027,20689.62249184149,20696.46624990783,20590.94618085927,1732039200000
20689.77943512877,20648.94603317285,20695.38461252489,20621.72716191812,1732042800000
20648.83260562101,20681.27012284994,20690.2215830537,20639.30653278484,1732046400000
20683.92850839357,20684.5934675527,20684.5934675527,20683.92850839357,1732050000000
20660.83886417593,20531.78097145647,20667.98658492288,20530.19671665806,1732111200000
20532.19318221401,20541.92918018318,20563.32969027887,20402.54511375752,1732114800000
20541.83531314045,20604.07714454762,20619.90755109355,20467.71472237002,1732118400000
20603.24735116994,20526.86960251266,20618.68692053849,20502.82767915178,1732122000000
20526.31193293314,20507.44691995464,20544.86516786704,20478.46773445752,1732125600000
20506.23496061163,20526.49583854587,20543.06081599761,20477.2654191512,1732129200000
20526.43572553564,20667.93184505549,20676.5698670899,20515.54757202861,1732132800000
20666.91213746558,20667.10423805289,20667.10423805289,20666.91213746558,1732136400000
20775.26995224934,20589.67630597331,20814.93155761322,20552.44130341265,1732197600000
20589.75811356231,20621.36081788794,20629.47936703878,20436.80162827698,1732201200000
20623.09633703494,20649.06863767529,20704.12266297326,20608.06545743946,1732204800000
20648.86608836286,20731.54821020037,20765.95073997606,20618.6405479682,1732208400000
20732.05509552716,20771.12790589496,20780.1691241695,20726.07820001202,1732212000000
20770.90071097595,20761.33091027132,20779.71010568782,20709.31309951922,1732215600000
20760.14452448705,20742.02365074185,20791.5035402761,20734.20161868792,1732219200000
20741.65414754944,20740.78072807625,20741.65414754944,20740.78072807625,1732222800000
20737.49029607312,20777.02420118916,20787.34212113471,20707.57043508769,1732284000000
20776.51195999978,20765.09269785059,20777.31993616484,20655.72073025063,1732287600000
20764.68341707163,20737.04596017651,20769.37860551601,20672.27658310627,1732291200000
20737.09466780213,20775.47541060313,20782.96774132615,20725.13552391684,1732294800000
20775.4381776227,20769.00793783753,20797.23659855172,20748.83803384318,1732298400000
20768.90183189617,20767.92695143341,20772.80799904799,20721.61964302775,1732302000000
20767.32958817385,20774.91205484015,20789.34317971024,20728.57571883864,1732305600000
20773.86884746764,20776.22955344169,20776.22955344169,20773.86884746764,1732309200000
20918.75797173788,20870.92527824959,20998.48470415798,20848.54914980367,1732543200000
20874.16248685512,20825.41995828328,20881.09023550513,20802.59337478596,1732546800000
20825.3194387398,20834.29704293919,20884.83525464969,20818.75498226177,1732550400000
20834.09492332169,20776.14320832571,20836.48196712321,20712.37985646053,1732554000000
20776.1780460739,20778.39215737957,20812.8132158858,20771.84227639202,1732557600000
20778.43964162106,20787.43002024045,20803.24638179749,20758.54319722328,1732561200000
20787.72085042753,20804.50752402931,20810.15743153805,20764.27152770097,1732564800000
20805.45069313221,20804.89264895686,20805.45069313221,20804.89264895686,1732568400000
20871.55331910961,20898.12943014109,20944.89827663122,20868.48941287282,1732629600000
20905.60527145584,20880.86077172241,20920.57569846474,20849.79410336982,1732633200000
20880.65456579455,20890.26446140312,20908.02555606462,20853.92454014104,1732636800000
20890.02940861788,20905.24038955959,20906.99769028774,20855.16459993015,1732640400000
20905.21876270383,20895.41081875019,20905.21876270383,20872.56276189236,1732644000000
20895.41696888962,20856.92846266716,20905.18535700807,20832.40367613505,1732647600000
20856.44616651378,20920.52775398006,20931.43906485045,20852.26035800007,1732651200000
20919.4745015433,20922.89801836044,20922.89801836044,20919.4745015433,1732654800000
20852.42763478048,20799.20217844222,20853.07872290832,20778.75531106764,1732716000000
20800.02967968365,20681.75473754672,20800.02967968365,20665.23342544801,1732719600000
20681.67142202618,20651.21437619885,20692.18164285058,20636.45553250331,1732723200000
20651.00009504478,20681.27527258586,20682.05508629713,20615.42038954329,1732726800000
20681.30353433693,20745.95389947927,20753.89017573277,20674.30914797658,1732730400000
20745.60118623557,20741.51681949837,20759.51978766508,20728.48672817689,1732734000000
20741.57600616317,20746.19736902543,20763.84041446246,20706.70142169264,1732737600000
20746.80102684668,20744.48802776409,20746.80102684668,20744.48802776409,1732741200000
20771.01967059693,20856.69273085198,20857.01737560796,20751.96393928636,1732888800000
20857.0259491907,20893.50285482525,20918.319610653,20849.88144591695,1732892400000
20893.74073507998,20935.44327283686,20943.90040985573,20893.74073507998,1732896000000
20935.56696601312,20930.03692450982,20956.30764428294,20918.32762288647,1732899600000
20930.71903689512,20930.36622929962,20930.71903689512,20930.36622929962,1732903200000
20971.75582890052,21093.96975499467,21107.06789321901,20971.75582890052,1733148000000
21098.11419925811,21097.95713559993,21140.70614712299,21085.19808114719,1733151600000
21098.30419649386,21167.81426162851,21177.38561116822,21098.09236178856,1733155200000
21167.8074281338,21168.93643691532,21201.02964897972,21166.85468316196,1733158800000
21168.95867814924,21153.13697176156,21172.01792342161,21138.72334133423,1733162400000
21153.01505152675,21160.04191516532,21161.02788461367,21119.70469106457,1733166000000
21159.83314795219,21164.7753905421,21183.63200397685,21145.75493818748,1733169600000
21164.74675364138,21164.59571368985,21164.74675364138,21164.59571368985,1733173200000
21106.51322928502,21150.41223717788,21154.67554008383,21081.80514934604,1733234400000
21152.81838668878,21152.8028909747,21179.84571875622,21112.59984099005,1733238000000
21153.16119735231,21153.10494828011,21206.28984098551,21146.3764603651,1733241600000
21152.97327012782,21187.04959015611,21189.17133314722,21138.4639446241,1733245200000
21186.93465993151,21178.61266657307,21191.65840832225,21162.8900701158,1733248800000
21178.40322929574,21203.30442243999,21208.46871716772,21171.56278701192,1733252400000
21203.02123247841,21228.52754434091,21235.78535786188,21185.87205573176,1733256000000
21228.63075604133,21229.31692919228,21229.31692919228,21228.63075604133,1733259600000
21361.813144413,21364.05004592309,21387.74355872456,21340.84102831232,1733320800000
21358.8784363415,21430.15348871304,21437.27060614949,21344.80156548675,1733324400000
21429.59651739708,21422.93159630527,21443.70111070866,21397.76368776066,1733328000000
21422.00623553671,21432.39762521378,21440.73266882853,21406.22962596408,1733331600000
21432.24541339616,21432.16295430027,21441.76032967127,21393.71784716017,1733335200000
21422.89517596287,21460.76708077012,21466.15954754138,21415.74394403478,1733338800000
21460.62065788457,21489.64899311878,21498.4411518691,21454.40769176604,1733342400000
21491.91326809289,21492.3620052235,21492.3620052235,21491.91326809289,1733346000000
21488.51897794929,21458.85292747025,21502.91526271801,21446.28168413341,1733407200000
21460.82101850854,21452.69254371296,21487.35239830698,21441.07584468984,1733410800000
21453.31025832463,21483.33097332209,21491.38113498266,21449.33119532086,1733414400000
21483.8815305593,21510.41404053602,21517.48815535613,21477.39505618038,1733418000000
21510.4303973615,21445.14502224589,21510.78415428855,21435.09487822863,1733421600000
21445.37945946343,21446.30128412893,21467.51344578777,21426.03200079069,1733425200000
21445.21695575091,21427.37386107192,21460.99805953379,21411.52875324878,1733428800000
21426.55314584104,21425.22250315143,21426.55314584104,21425.22250315143,1733432400000
21458.5811060836,21562.33810296495,21568.67912970768,21449.61563117086,1733493600000
21562.98974892217,21575.37426314283,21603.38830771761,21552.65035050151,1733497200000
21575.54202055888,21574.27702227528,21593.26904753097,21535.78968594566,1733500800000
21574.06182825564,21576.52585195463,21595.30061168438,21557.18656567612,1733504400000
21576.40408250053,21616.83530310195,21626.31339890066,21574.15636952854,1733508000000
21616.89217688126,21592.44274716297,21616.89217688126,21572.99231442617,1733511600000
21591.88936945631,21618.05977975726,21623.87247174984,21585.00806321871,1733515200000
21621.08383569131,21622.25423778537,21622.25423778537,21621.08383569131,1733518800000
21573.76004385073,21589.42615189894,21609.98756430109,21538.84105315292,1733752800000
21587.41007550823,21470.41292419088,21593.98496194131,21466.12042469677,1733756400000
21470.52049735182,21478.17094864188,21487.47933348258,21401.37195229235,1733760000000
21475.25211225523,21447.34042294276,21482.66436488305,21447.34042294276,1733763600000
21448.15313944739,21491.46551854215,21509.54808319283,21436.41290535616,1733767200000
21491.73060865989,21437.78120378602,21491.73060865989,21408.17966513976,1733770800000
21437.56783512103,21445.16318368346,21446.09883847396,21400.76754459106,1733774400000
21441.21109428508,21440.81984321855,21441.21109428508,21440.81984321855,1733778000000
21492.5085543379,21513.78406020307,21553.49744521434,21467.70896445973,1733839200000
21513.59126079975,21468.69142690495,21567.01779597093,21463.61069395815,1733842800000
21468.90187343194,21444.572194159,21474.93629627744,21407.57892528087,1733846400000
21444.46456503274,21432.37318285888,21461.80031938642,21405.60997467586,1733850000000
21432.34604174452,21412.25302248741,21443.81041957605,21409.47777946952,1733853600000
21412.29067018926,21369.95157000603,21417.88984251444,21357.09482481913,1733857200000
21369.70971270263,21370.08239306443,21373.02825003099,21313.27372739732,1733860800000
21369.45463772147,21368.18054217044,21369.45463772147,21368.18054217044,1733864400000
21540.37754809002,21662.57239991407,21663.89912099932,21533.89074629302,1733925600000
21662.98128265497,21659.5010419418,21698.76057765119,21636.43658056517,1733929200000
21659.1150880629,21721.15858878582,21728.28013168782,21653.62717325635,1733932800000
21721.08851328034,21744.00667331647,21752.62172146857,21720.43435341116,1733936400000
21743.29353423644,21757.64975754899,21773.62223819174,21742.05839560716,1733940000000
21757.53554757202,21762.53100793787,21773.30108934969,21744.20264730206,1733943600000
21763.00531521231,21762.10487610874,21784.71347481479,21752.62031059193,1733947200000
21762.08725191371,21763.98403982394,21763.98403982394,21762.08725191371,1733950800000
21652.85204022004,21656.40612120561,21661.05672667438,21628.71570427573,1734012000000
21656.37645734698,21691.57780271176,21698.98537777229,21596.6647476392,1734015600000
21691.18272658243,21645.61793879531,21709.66070670429,21645.61793879531,1734019200000
21645.50426880921,21708.66314872387,21708.96757480649,21643.08553053878,1734022800000
21708.56282385528,21667.81003391205,21715.83311811607,21667.38198454505,1734026400000
21668.19851952695,21656.09463238943,21686.23578907087,21637.415184931,1734030000000
21655.43960886249,21618.33842710143,21658.01444440444,21618.33842710143,1734033600000
21615.45817914821,21615.27316012934,21615.45817914821,21615.27316012934,1734037200000
21789.64704555152,21858.2311812616,21886.74019979881,21780.26510350147,1734098400000
21862.68875520402,21665.34159242722,21864.06967478412,21665.10221118387,1734102000000
21665.75578720247,21679.07950232922,21733.74711196203,21646.08612906666,1734105600000
21677.89896588859,21666.65506088653,21720.1087125114,21660.31099332135,1734109200000
21666.59619058256,21752.4210531207,21756.55962512889,21665.34153822089,1734112800000
21752.56083736633,21779.87734891556,21794.06522948079,21740.62994490154,1734116400000
21780.35796776302,21777.95498321538,21804.70945146222,21758.95168625527,1734120000000
21779.22244890034,21780.25425747863,21780.25425747863,21779.22244890034,1734123600000
21891.36287921427,21955.57701640783,21958.20162919784,21879.73556737706,1734357600000
21959.34207957477,21973.90170457805,22004.7425786038,21911.6165693511,1734361200000
21972.61953346166,22034.47501831138,22035.42537015699,21972.61953346166,1734364800000
22034.37911684167,22064.15644010197,22068.46087867126,22017.97673188451,1734368400000
22064.87327227925,22097.31514671732,22105.9995738839,22059.77574612943,1734372000000
22096.72074933699,22102.29543512848,22123.55273123904,22086.00866470187,1734375600000
22102.43964432457,22096.39325969777,22133.21709725483,22078.02691490305,1734379200000
22097.04292264608,22096.65692987936,22097.04292264608,22096.65692987936,1734382800000
22003.6427461317,21983.4488410329,22044.33230457131,21959.46423047217,1734444000000
21985.98048088304,21986.07483298274,21994.96336448674,21921.20570583416,1734447600000
21984.79710043967,22016.68900253067,22062.00299652497,21960.9026954963,1734451200000
22017.03122852881,22017.7921326785,22033.96627068286,21976.95892080496,1734454800000
22016.96816374201,21982.89480200997,22023.70763353245,21979.97900546177,1734458400000
21982.96470719125,21961.13742449766,21985.49356971493,21946.19375178248,1734462000000
21960.79677822994,22000.29519201818,22013.0208354667,21932.90836305253,1734465600000
21999.03676147805,22001.0838794811,22001.0838794811,21999.03676147805,1734469200000
21979.52735499423,21971.14354342419,21991.67301738722,21893.35171258251,1734530400000
21975.0984081122,22009.32591226791,22038.08147803407,21962.67792586479,1734534000000
22008.45298670137,21993.81678894112,22027.07342326142,21944.0715522775,1734537600000
21993.46715755017,21988.84088853863,22011.82787651153,21966.48312323996,1734541200000
21987.93808992135,21980.82769105418,22001.4801292472,21964.5822400774,1734544800000
21980.69399381649,21616.58589431856,21980.69399381649,21608.27471411215,1734548400000
21616.20631659022,21198.27477694201,21631.9740484392,21146.82798423474,1734552000000
21204.38698175711,21209.31478331877,21209.31478331877,21204.38698175711,1734555600000
21358.78745625645,21295.83122811283,21413.73638207845,21278.29514516326,1734616800000
21298.53977145994,21274.60139518042,21350.32582561841,21188.2049895545,1734620400000
21270.80983286567,21281.96891294989,21345.57990863668,21184.73730264753,1734624000000
21281.93936410471,21241.28268083482,21286.98408733492,21157.47470909251,1734627600000
21240.34264391487,21319.53889874579,21319.63426645395,21163.77005353438,1734631200000
21319.17030739254,21190.09465714575,21319.17030739254,21187.80725888689,1734634800000
21189.97444913258,21107.58336590915,21255.11585423555,21093.45483757721,1734638400000
21107.43195783636,21110.50639714828,21110.50639714828,21107.43195783636,1734642000000
20939.6426707303,20973.28082130733,21045.02349007785,20913.72026096649,1734703200000
20992.0288528755,21259.94712464041,21292.46902966736,20984.96848669083,1734706800000
21259.98226245182,21488.15583846703,21517.74988122824,21252.93330068331,1734710400000
21487.65329036313,21489.69615111512,21540.31729437757,21466.97403963179,1734714000000
21489.8136538418,21401.27988206769,21500.50367678849,21388.70668419774,1734717600000
21400.76768110544,21428.90236746958,21477.44387369968,21383.74789103876,1734721200000
21429.01592839895,21294.32730698907,21440.72803142001,21253.97605897922,1734724800000
21294.43299280105,21289.154369875,21294.43299280105,21289.154369875,1734728400000
21364.26142515289,21372.61455858588,21414.96649424657,21300.45696687707,1734962400000
21369.9764430137,21301.57254459116,21381.04786148666,21224.26847940311,1734966000000
21300.22472097075,21432.48980113611,21434.40293293665,21300.17053563803,1734969600000
21432.4049834902,21432.26750385973,21458.7935009836,21386.14954840938,1734973200000
21432.28624396698,21483.68866822167,21487.82464600692,21426.0427971493,1734976800000
21482.8879161102,21450.03994900651,21509.78694199205,21448.55423637826,1734980400000
21447.60285698477,21496.21809873491,21510.09051919462,21408.94307090202,1734984000000
21504.86623562542,21503.17067761147,21504.86623562542,21503.17067761147,1734987600000
21564.36913510061,21649.85740385177,21650.91962578937,21558.96627500672,1735048800000
21649.32264186222,21706.49905712191,21712.21420280294,21646.01814098661,1735052400000
21705.85149274543,21714.10925504931,21744.4456078733,21699.1710742461,1735056000000
21714.73836414745,21794.15163905739,21794.15163905739,21694.12759787261,1735059600000
21797.08071473468,21797.65086123049,21797.65086123049,21797.08071473468,1735063200000
21733.98269489339,21720.8811184036,21766.40011984478,21645.6170715224,1735221600000
21721.18262274932,21774.80687710391,21776.11332040427,21698.86790397146,1735225200000
21774.62047318865,21804.76772208089,21806.87911321627,21747.31455159712,1735228800000
21805.27515526577,21771.3788491379,21837.69573118393,21749.33421178394,1735232400000
21771.11214806238,21781.24275117197,21803.885026463,21767.42600501391,1735236000000
21781.18932210032,21809.56907522978,21810.75998692816,21762.97833057567,1735239600000
21809.61269416344,21768.87974611026,21821.88198425013,21764.84621698994,1735243200000
21766.90770914703,21768.31180255236,21768.31180255236,21766.90770914703,1735246800000
21633.09593037205,21484.20923379364,21642.26395772373,21471.16341271625,1735308000000
21488.14009778283,21388.32151598605,21492.60449896612,21301.68044918761,1735311600000
21388.28139084802,21340.41010938463,21433.92720089737,21318.79213127738,1735315200000
21340.1654984052,21359.33388254181,21362.86009946716,21292.19414212959,1735318800000
21358.74189356507,21449.20294396675,21456.05100934566,21347.76499633262,1735322400000
21448.98676751424,21480.08290982155,21490.68553482368,21418.2281780464,1735326000000
21480.55720134125,21476.25984792662,21491.39829111652,21389.90143418434,1735329600000
21477.39644395158,21473.01468036854,21477.39644395158,21473.01468036854,1735333200000
21189.10308279143,21074.19234680845,21194.65811748613,21072.10624315193,1735567200000
21073.60832100676,21157.45409470408,21183.02390074487,21046.63174532058,1735570800000
21157.75503618313,21245.11302429098,21251.61236965737,21132.11228820141,1735574400000
21245.10788099874,21333.84848328629,21345.09893541369,21236.71103560095,1735578000000
21333.41338818151,21323.4667966652,21346.06174513433,21278.41344207646,1735581600000
21323.3215317433,21310.97340820578,21327.42203815499,21262.1163361048,1735585200000
21310.88422783862,21196.80294244693,21321.39234550118,21191.67417437296,1735588800000
21195.60470324843,21197.08918249414,21197.08918249414,21195.60470324843,1735592400000
21256.02331361617,21224.56672079115,21276.14101147907,21166.96555903716,1735653600000
21223.6600924988,21177.51980291945,21259.71483036855,21136.58513274955,1735657200000
21177.39528787146,21124.32043158577,21178.87614069394,21086.7820061683,1735660800000
21124.15459626533,21105.21268857607,21135.98232015729,21006.81417843838,1735664400000
21104.19142231446,21016.56349109585,21124.02852851172,21004.1825779514,1735668000000
21016.71827038635,21058.24224064609,21064.40442675592,20979.51896544875,1735671600000
21057.78337813526,21017.26983894024,21104.09693140343,20984.84930698732,1735675200000
21012.35766873469,21012.17370392947,21012.35766873469,21012.17370392947,1735678800000
21120.05387978618,21190.07323613144,21199.20855830872,20977.13701712927,1735826400000
21190.11896773365,21078.455896269,21236.59380768051,21019.77271380399,1735830000000
21078.61905187186,21116.99884665052,21152.51629127366,20999.15078997761,1735833600000
21117.2652638299,20882.53987324043,21134.34078468881,20800.50003060966,1735837200000
20882.36253076504,20853.09251856293,20889.3095961136,20801.03150735223,1735840800000
20852.97033543088,20871.73926832487,20944.203643615,20838.26284184654,1735844400000
20871.75573892378,20976.13389160802,20993.27925530964,20871.75573892378,1735848000000
20976.02259029354,20975.62400926645,20976.02259029354,20975.62400926645,1735851600000
21096.78719047677,21187.51120848602,21231.37325672138,21096.56993367077,1735912800000
21188.84025206843,21180.79701432383,21232.08882442383,21075.89059633771,1735916400000
21181.85621776126,21264.73740011214,21287.42647552506,21147.42108183013,1735920000000
21265.60248828511,21270.77627342682,21283.67709583693,21248.34622829284,1735923600000
21270.81173568152,21313.28417192803,21330.73253143318,21255.47486672875,1735927200000
21310.12873795607,21340.15898144483,21359.63178476994,21302.77146634827,1735930800000
21335.97829482484,21323.23346940144,21335.97829482484,21285.62192426427,1735934400000
21324.84359802585,21326.1572303898,21326.1572303898,21324.84359802585,1735938000000
21551.17556720387,21624.13497298083,21652.86707627937,21540.41559955226,1736172000000
21626.47708127914,21677.24081235664,21695.6307454952,21591.29677766446,1736175600000
21677.9843159356,21661.32897379099,21703.49133105004,21650.95858170193,1736179200000
21661.87460756739,21602.91147194602,21673.48756646137,21581.5985258858,1736182800000
21603.01147744376,21515.09878783771,21603.01147744376,21514.62062293642,1736186400000
21515.76454203882,21474.13258633773,21531.29333550384,21472.22098191283,1736190000000
21473.5488376218,21562.0143916761,21564.36886789623,21462.52196890142,1736193600000
21562.68158838309,21559.50032830485,21562.68158838309,21559.50032830485,1736197200000
21619.88674615152,21524.51214999277,21621.25266191599,21514.26792963616,1736258400000
21504.59095004466,21366.36315231536,21510.83962677105,21219.81014570979,1736262000000
21368.77307501799,21256.09365968502,21385.72336686205,21251.31409774272,1736265600000
21255.88951749921,21262.00066583156,21289.72885376579,21210.2689981339,1736269200000
21262.08277882929,21257.89535424993,21335.16465012752,21251.27570127287,1736272800000
21258.06854477041,21235.78328710317,21291.09184399551,21224.80850565594,1736276400000
21235.50193729386,21174.90762346358,21238.73379255428,21101.09201258162,1736280000000
21172.8181230986,21173.04309505602,21173.04309505602,21172.8181230986,1736283600000
21156.7552860266,21155.87388237429,21191.74744446574,21106.59840537182,1736344800000
21156.29264812077,21170.49432985835,21215.76930003621,21052.32547463428,1736348400000
21171.22464099943,21199.89609841028,21230.85816889277,21106.30636044973,1736352000000
21200.11268420828,21087.77306763436,21202.18145713265,20992.08398849962,1736355600000
21087.36120253931,21140.86032875505,21214.40191252876,21085.45545941122,1736359200000
21140.93439661844,21156.66022948891,21242.60986297257,21108.19325445575,1736362800000
21156.74956236667,21178.29077463978,21194.5748781946,21123.85479583277,1736366400000
21181.10479058092,21180.96479911161,21181.10479058092,21180.96479911161,1736370000000
21012.29006071754,20889.55080812487,21015.50621090816,20849.67441852629,1736517600000
20868.1931002761,20828.59558069346,20956.37660102481,20718.78247916235,1736521200000
20831.2824601445,20740.95312285242,20837.05992900388,20728.470009078,1736524800000
20742.97531955101,20869.85842888736,20873.42223257909,20730.33869472186,1736528400000
20868.36967430885,21000.8680621281,21005.10595532115,20845.31607252609,1736532000000
21000.90774780078,20920.78163648382,21002.14585039453,20882.25877570217,1736535600000
20919.39749834585,20846.12810933702,20929.31856305666,20818.62697295671,1736539200000
20846.26901330269,20847.58168535725,20847.58168535725,20846.26901330269,1736542800000
20593.64826071645,20637.09967596058,20673.40652731663,20538.32682685986,1736776800000
20637.66374155272,20635.03396250583,20711.03919339633,20553.12129364984,1736780400000
20637.63493928416,20572.64940987064,20658.09435574321,20565.56522737925,1736784000000
20572.14027535983,20721.95721616764,20724.32793390624,20555.08619585336,1736787600000
20721.95125421463,20725.03786248366,20743.12991558431,20692.10807924205,1736791200000
20724.75514533102,20740.1356164575,20756.46286832983,20674.25536816187,1736794800000
20740.09612861582,20784.16184267067,20797.10134404642,20709.1792462135,1736798400000
20783.62766829244,20784.7240639031,20784.7240639031,20783.62766829244,1736802000000
20896.3618185871,20819.92009114722,20969.51667804799,20809.82426984773,1736863200000
20820.76811661025,20779.73731165293,20946.28461641489,20779.73731165293,1736866800000
20779.88594774446,20666.48902875174,20792.41068226118,20665.39558254052,1736870400000
20665.20897735662,20708.32086398967,20722.95439569104,20639.5684697393,1736874000000
20707.95790449795,20833.78123852371,20843.57230949602,20703.3940026686,1736877600000
20833.26548264715,20704.80005436906,20847.27041413062,20701.08868344673,1736881200000
20703.08940805995,20759.19321263546,20759.59642525256,20622.71639729078,1736884800000
20759.83063290377,20757.40982522788,20759.83063290377,20757.40982522788,1736888400000
21067.80547966248,21160.14857345807,21175.06762082115,21024.26609870445,1736949600000
21163.01557060064,21158.32093237994,21234.97983324152,21158.29158275873,1736953200000
21157.45566595096,21108.49519643758,21199.94556046785,21086.96451604476,1736956800000
21108.8826722344,21157.40977800769,21195.85472256926,21102.33531626429,1736960400000
21157.76878206402,21212.64256726059,21225.64638281462,21157.76878206402,1736964000000
21212.9083701847,21250.24677199638,21265.38180177257,21212.53114062239,1736967600000
21251.10564285976,21235.22214782386,21286.01232670919,21230.96020301482,1736971200000
21235.27403119819,21237.85235635203,21237.85235635203,21235.27403119819,1736974800000
21324.97500617855,21213.67689264617,21330.58565490379,21210.46788872368,1737036000000
21215.39719586754,21264.79907395324,21264.79907395324,21179.42536320143,1737039600000
21264.80789633407,21242.23731387105,21312.47830881923,21164.44351955938,1737043200000
21241.44647262813,21228.50627081378,21262.98750106178,21213.84669109816,1737046800000
21228.05976726289,21138.15342731402,21249.82802568068,21111.99416920733,1737050400000
21137.53589377018,21213.29035324211,21218.76324485631,21125.80262739143,1737054000000
21213.56204450668,21090.5194763458,21234.67537131458,21087.85078347553,1737057600000
21089.6482261707,21091.25177650414,21091.25177650414,21089.6482261707,1737061200000
21461.9022454805,21358.21769193027,21467.22876624293,21344.77965200457,1737122400000
21358.35036492981,21441.07976939739,21441.11393630587,21334.6311311033,1737126000000
21440.84148839074,21430.60426937892,21480.34751864398,21419.68048271672,1737129600000
21429.0372598061,21470.94309571589,21473.723104495,21408.93333828744,1737133200000
21470.80518471452,21473.78961564776,21515.76442671258,21459.33723092918,1737136800000
21473.78327229949,21465.95160089915,21486.02362099883,21456.29300055401,1737140400000
21464.73939607458,21443.87534562114,21481.90048178632,21426.7698244103,1737144000000
21441.14209764821,21441.15492288309,21441.15492288309,21441.14209764821,1737147600000
21557.81873234754,21480.43299291762,21564.50984456796,21431.1960962958,1737468000000
21481.78908291656,21484.89557487123,21498.60585278325,21379.06022503934,1737471600000
21485.14339928034,21524.2631315036,21526.92552732903,21451.06803681295,1737475200000
21523.50941072327,21591.81684895297,21593.21562389658,21503.25405978751,1737478800000
21591.0646117322,21603.51818001692,21620.22737635538,21570.79273620231,1737482400000
21603.21619771089,21574.84784895384,21612.10638417056,21550.99353732251,1737486000000
21574.8421191023,21566.32056243104,21606.2161002171,21549.66758358159,1737489600000
21566.10690227623,21566.50668846156,21566.50668846156,21566.10690227623,1737493200000
21756.23294821148,21857.26767935881,21877.19994990453,21756.23294821148,1737554400000
21859.65051921859,21844.3255911006,21891.89415516743,21829.22117768164,1737558000000
21845.76297843584,21925.0709131238,21928.1720122081,21837.62890436865,1737561600000
21925.73926505751,21907.91831896435,21943.03642226582,21896.41768878646,1737565200000
21907.70458043347,21878.00437575831,21909.79743612574,21862.00767742633,1737568800000
21877.83035987091,21890.33971403462,21893.33085789724,21859.13326405212,1737572400000
21890.25817874767,21851.97752868489,21890.49290285187,21832.938648652,1737576000000
21849.73346975709,21852.99633065877,21852.99633065877,21849.73346975709,1737579600000
21737.23842710951,21751.87695447011,21777.29218212094,21722.04013660913,1737640800000
21754.7314181015,21790.54848483384,21798.2573094735,21728.55183960431,1737644400000
21790.88681349899,21801.92288500511,21825.03602381473,21757.22769110631,1737648000000
21801.52172760015,21792.23803007586,21802.03927149637,21759.84212825966,1737651600000
21792.23947247847,21809.20281624556,21838.84289750026,21788.56584022793,1737655200000
21809.00923934836,21810.12799044536,21817.22691620043,21779.05232454643,1737658800000
21809.48608156274,21898.40410137518,21898.40410137518,21801.05639290545,1737662400000
21899.27999037212,21900.92971041112,21900.92971041112,21899.27999037212,1737666000000
21915.47839871788,21925.15346082691,21945.48206362564,21862.36227172443,1737727200000
21927.74714225652,21854.09546589635,21934.52055385085,21849.1965651103,1737730800000
21852.05653246311,21846.64998961066,21900.24715084162,21837.2216644934,1737734400000
21846.63504466247,21805.77099472804,21871.68512240333,21799.65997590459,1737738000000
21804.75659856861,21738.11790418938,21814.65384045805,21731.23927548015,1737741600000
21736.79389616954,21734.5654743955,21760.12921225995,21709.06065197267,1737745200000
21734.05561707485,21770.93605227277,21781.13660587436,21722.33011299173,1737748800000
21771.19230397306,21774.01107995893,21774.01107995893,21771.19230397306,1737752400000
21000.16622622751,21209.00501610463,21213.23355751939,21000.16622622751,1737986400000
21206.36141400609,21189.70877989489,21292.53753675735,21103.985801456,1737990000000
21189.97147843759,21086.64575018281,21200.61649027529,21063.23630289074,1737993600000
21087.3035233508,21015.40811985493,21141.62318374218,21013.93624928278,1737997200000
21014.89960740604,21023.10048231729,21084.36765146402,21014.8668734574,1738000800000
21022.18746604341,21006.78363851453,21128.58982477111,20974.9009243961,1738004400000
21006.41787501888,21131.55519458758,21136.25220628487,21002.28393113163,1738008000000
21127.98243432237,21127.27882471263,21127.98243432237,21127.27882471263,1738011600000
21186.07933796444,21165.11515930963,21199.69421173251,21043.12855614017,1738072800000
21164.37603809562,21332.1591177794,21360.47185932051,21163.79470664597,1738076400000
21332.56707506615,21348.22187832719,21353.58036761189,21266.67542480263,1738080000000
21348.41665239362,21419.0988984703,21437.80864645416,21347.75261317856,1738083600000
21419.23228171701,21416.64143064909,21457.94241071102,21399.43897878216,1738087200000
21416.66111489549,21492.22265265478,21500.72613440681,21393.1300589122,1738090800000
21491.99552894498,21458.329136438,21499.79170780931,21433.33234437282,1738094400000
21459.38534295719,21463.0372586127,21463.0372586127,21459.38534295719,1738098000000
21473.01272478051,21400.46860848261,21477.87764798099,21377.3120148008,1738159200000
21402.28574492577,21382.60507438374,21443.33054137465,21336.93385789415,1738162800000
21382.80613344174,21364.26791694932,21398.96605861331,21349.90938482944,1738166400000
21365.0142000453,21365.0910453654,21420.80983175996,21360.65574658581,1738170000000
21364.60137827018,21344.30155929477,21389.12006660045,21251.80149431664,1738173600000
21343.86580300962,21415.64582659222,21447.94429953599,21272.0216691672,1738177200000
21414.53213154692,21410.07769171666,21475.74319221186,21348.50685209439,1738180800000
21406.79869852667,21411.45795102361,21411.45795102361,21406.79869852667,1738184400000
21519.81415559926,21556.94377970469,21623.45308363961,21477.71878611561,1738245600000
21550.26196391674,21347.85639977181,21550.26196391674,21347.65005155286,1738249200000
21346.84169287738,21487.53251596177,21503.78008299093,21308.69061334987,1738252800000
21487.23955986523,21433.05240330909,21487.23955986523,21388.53252005958,1738256400000
21433.24880688559,21485.17739216991,21491.03424894012,21410.45371137151,1738260000000
21486.20249805258,21538.49203824229,21538.5138033815,21471.70091474469,1738263600000
21538.48962477743,21505.21056333186,21579.31104286549,21410.31219359553,1738267200000
21511.34063197471,21508.12333459918,21511.34063197471,21508.12333459918,1738270800000
21661.56159368085,21749.76476965417,21750.82548929845,21654.3384051384,1738332000000
21749.24164065966,21821.92589548219,21838.94985115893,21749.24164065966,1738335600000
21821.52780644457,21790.53495303414,21846.01163788747,21763.27316822347,1738339200000
21790.9162565687,21801.26241183483,21820.71888315263,21756.39458869466,1738342800000
21801.4811851737,21639.4256506817,21808.93887582961,21611.41622481964,1738346400000
21638.29628507098,21551.2617248755,21662.59117637769,21476.64121029022,1738350000000
21549.89189845932,21473.96981332845,21549.89189845932,21425.78749325868,1738353600000
21471.35671928633,21478.04780707399,21478.04780707399,21471.35671928633,1738357200000
21084.6389584718,21107.68276324753,21194.68424906056,21066.27667878371,1738591200000
21097.79972099294,21315.63388798834,21340.63826852285,21004.35142383496,1738594800000
21313.67809712547,21274.55972991257,21353.67909640373,21238.54479017454,1738598400000
21274.53405903128,21293.71057286181,21338.98543091705,21240.38058266961,1738602000000
21291.69948564503,21357.31084789121,21360.56971506476,21247.21316205882,1738605600000
21356.05861019428,21377.99756422067,21406.57756171801,21342.11821770128,1738609200000
21380.41264860014,21298.25288399476,21396.31366093719,21291.91095113521,1738612800000
21296.58320129799,21297.58216008967,21297.58216008967,21296.58320129799,1738616400000
21319.57567951622,21452.21886753907,21470.12608920445,21308.23615407394,1738677600000
21452.89818076413,21525.0500917231,21568.58957639837,21452.89818076413,1738681200000
21525.98700964628,21544.9366817686,21582.40107079971,21525.98700964628,1738684800000
21545.98216846596,21512.27848961786,21547.34987391005,21447.56533556979,1738688400000
21511.6145231743,21515.36694324741,21536.41987027305,21464.05461127013,1738692000000
21515.17476044726,21530.36463439056,21567.42717418405,21508.29794850319,1738695600000
21529.88973381644,21564.2414067238,21579.72161778344,21519.72796749161,1738699200000
21566.21288311228,21566.91769821134,21566.91769821134,21566.21288311228,1738702800000
21453.867068802,21466.08520064482,21489.15857775805,21423.05845960108,1738764000000
21485.14830126945,21486.27363327289,21500.30167278666,21408.64000598829,1738767600000
21485.84871496218,21601.15288543649,21608.26003395701,21464.0152619241,1738771200000
21602.01342810284,21601.39013494771,21634.52458326435,21582.48450130926,1738774800000
21602.07395380686,21604.10147291426,21615.75376496101,21570.85807063431,1738778400000
21604.16361046347,21602.56175025073,21628.62305536139,21598.99740991916,1738782000000
21602.55292479562,21657.72787628172,21662.98039827801,21584.5522805735,1738785600000
21660.39789474057,21658.16376327201,21660.39789474057,21658.16376327201,1738789200000
21674.17137744968,21692.6000446137,21719.28490062731,21644.48182196112,1738850400000
21690.56111639606,21673.00339800221,21746.32611432201,21643.56837735211,1738854000000
21672.98935309781,21671.20260416858,21711.11829979347,21657.26810526632,1738857600000
21671.74650035207,21712.21432055777,21725.14126811621,21651.2768061986,1738861200000
21712.34479424074,21714.68845874208,21734.40524648246,21703.79155840999,1738864800000
21712.96054970173,21646.50067597283,21727.35862036651,21618.24744712447,1738868400000
21645.81244687543,21771.39465746849,21776.08273234662,21638.23410665043,1738872000000
21772.92166137606,21774.06521333783,21774.06521333783,21772.92166137606,1738875600000
21776.28287756139,21810.33338710215,21869.31969032134,21774.38093253412,1738936800000
21783.9303886383,21622.54860866957,21783.9303886383,21534.82208974921,1738940400000
21625.46608310941,21537.19905486587,21656.01905602424,21521.02206189722,1738944000000
21536.96722296684,21565.51418684091,21588.32407838137,21497.61323730085,1738947600000
21564.91471893583,21532.71907916637,21632.78483037074,21530.82380118957,1738951200000
21532.90888254648,21516.13702414929,21543.63003641601,21479.28053882499,1738954800000
21515.05344102208,21493.35444333002,21524.80625015094,21465.46110608443,1738958400000
21491.35370607402,21491.30853705978,21491.35370607402,21491.30853705978,1738962000000
21670.06200800899,21696.41859444693,21712.14367776058,21645.16755924347,1739196000000
21697.39846120068,21770.04229282459,21793.130621384,21688.75647045286,1739199600000
21770.00333997491,21773.14437691408,21788.36167346555,21742.08732089409,1739203200000
21773.1313441615,21767.99105163475,21773.1313441615,21722.43078434115,1739206800000
21767.90670622216,21781.14085194956,21786.88397211755,21763.59995475075,1739210400000
21781.29561374217,21764.34914581227,21784.88704526069,21750.78538629844,1739214000000
21764.94522157989,21755.62533358675,21778.07616200663,21741.76443958098,1739217600000
21755.58559793625,21756.73418481067,21756.73418481067,21755.58559793625,1739221200000
21629.10792930053,21689.22725203896,21713.63923149168,21628.9075772702,1739282400000
21691.87587453469,21745.76970244046,21776.24976344582,21678.51232466502,1739286000000
21749.03193574099,21698.60658583599,21753.75280429424,21693.74037463907,1739289600000
21698.38881211764,21671.73836495881,21699.42044733197,21625.50567915016,1739293200000
21671.53036069854,21710.8330933908,21739.88103266513,21659.26375448187,1739296800000
21710.72678232611,21732.40416759174,21743.79032668237,21699.85594938795,1739300400000
21732.90946415739,21695.10789573339,21747.03335379207,21675.52187123184,1739304000000
21697.83747067192,21693.52130195803,21697.83747067192,21693.52130195803,1739307600000
21475.40614398756,21590.45804994356,21610.402625099,21454.1919277696,1739368800000
21591.58603842194,21641.27528183207,21673.88231453496,21494.81028470877,1739372400000
21641.09415578553,21687.57704701839,21689.53206193053,21563.85546760074,1739376000000
21686.63884843523,21729.0315657579,21733.48135288971,21671.5560155819,1739379600000
21728.48655717396,21700.04539907022,21733.82231752859,21686.281321808,1739383200000
21699.80385684472,21735.52080798418,21745.66346057127,21672.77329522167,1739386800000
21736.64997452239,21715.1666526379,21743.86977139319,21686.95897775552,1739390400000
21716.57878673776,21719.2614320124,21719.2614320124,21716.57878673776,1739394000000
21786.15805483362,21832.27712846652,21865.7913994753,21758.03573341507,1739455200000
21832.38949513231,21947.38346160608,21967.92666100966,21799.43709285991,1739458800000
21947.66213809331,21876.59184195951,21959.01598444322,21860.04776668044,1739462400000
21874.70218346187,21879.14685822529,21910.15027924108,21860.36130706849,1739466000000
21879.49363798994,21906.04071443062,21906.04071443062,21810.04703388523,1739469600000
21905.33460913901,21966.62502172143,21984.91751312138,21901.12309452011,1739473200000
21966.40971632137,22029.6879819066,22038.15034263078,21964.06283408181,1739476800000
22029.5180439271,22030.71436274301,22030.71436274301,22029.5180439271,1739480400000
22038.60604921446,22049.23025150454,22064.22356514066,22010.34613849073,1739541600000
22045.157794503,22084.47173851865,22090.27084806097,22017.97671202291,1739545200000
22085.5579139239,22058.4184062843,22088.16200928885,22025.82425727752,1739548800000
22058.36010149636,22076.2936020683,22079.37983405081,22016.89212156619,1739552400000
22076.84681790405,22104.60567195723,22118.29437417003,22065.42721720342,1739556000000
22104.49402556368,22097.25180665886,22124.03777757379,22075.2306858487,1739559600000
22096.49409704231,22112.35677539195,22139.43284009858,22081.78396658221,1739563200000
22113.53371696888,22114.68856070488,22114.68856070488,22113.53371696888,1739566800000
22176.01331334067,22130.73858247969,22191.36634759898,22088.0573701237,1739887200000
22122.36263035894,22110.68180359381,22128.40931636199,22050.79803890344,1739890800000
22108.01746522153,22108.64699798254,22135.99115343787,22092.67175727853,1739894400000
22108.40918589068,22116.86760053518,22121.89202146192,22086.94890780267,1739898000000
22116.39595850818,22080.59378065002,22129.2087432736,22061.64522834757,1739901600000
22080.63166428232,22100.1228269292,22106.91123733066,22029.57677240438,1739905200000
22101.16641804873,22163.97632161305,22163.97632161305,22081.50984162397,1739908800000
22164.12498947717,22164.60569471938,22164.60569471938,22164.12498947717,1739912400000
22121.73071107466,22092.81552438044,22145.94768368238,22084.88215210177,1739973600000
22093.16144053808,22089.48858709851,22131.39590120565,22045.75409054464,1739977200000
22089.12199135402,22163.00601506677,22166.04779642783,22087.98070827075,1739980800000
22162.47108982906,22169.94717105434,22181.05067141601,22137.14003729778,1739984400000
22170.25687269525,22156.48334777739,22190.65750464413,22124.79367585462,1739988000000
22157.20790358402,22220.76223214688,22222.60967484671,22155.41030140953,1739991600000
22218.84161383546,22174.776506508,22218.84161383546,22129.9693601922,1739995200000
22175.94634742046,22175.59793792535,22175.94634742046,22175.50942587526,1739998800000
22132.71224907411,21931.98473123116,22148.44370764319,21927.19058452658,1740060000000
21931.44696165427,21911.83542835622,22024.16435295375,21878.753585889,1740063600000
21912.93698867017,21959.02075250272,21998.31517868634,21910.32230206615,1740067200000
21959.03879535239,21967.13767815585,22018.87996720692,21953.10386185037,1740070800000
21965.87435673592,21993.5480350019,21999.6641640113,21955.54164272098,1740074400000
21993.18549169357,22042.49086504549,22049.18319301281,21983.08659473728,1740078000000
22042.63023072871,22069.8701495592,22073.47967648324,22010.66995844063,1740081600000
22068.50603639276,22068.05712547346,22068.50603639276,22067.50738129589,1740085200000
22110.54251392847,22025.66085234712,22115.20554223822,22025.49440455319,1740146400000
22006.60330530739,21934.38530567349,22041.57873886863,21877.44940617343,1740150000000
21937.80586610101,21914.35896087471,21959.26367269752,21900.46117698245,1740153600000
21913.91191632334,21784.61082508324,21929.96921029345,21771.70717969626,1740157200000
21784.38067666995,21704.33393663186,21785.31224379657,21699.72278260363,1740160800000
21705.07071523115,21621.41139516523,21714.43974251709,21601.03462672012,1740164400000
21621.64596774013,21616.78594838579,21648.79517910992,21597.1556423116,1740168000000
21611.81774435024,21614.07949713168,21614.07949713168,21611.81774435024,1740171600000
21669.35784583799,21498.44339812049,21727.57941994572,21494.39219199612,1740405600000
21498.19052455548,21425.01924061709,21512.47887429203,21369.41486908833,1740409200000
21425.66255826432,21514.18417637532,21558.82272531445,21413.67436125661,1740412800000
21513.95527009111,21544.75433698975,21594.73473743754,21509.54918181151,1740416400000
21544.82684522634,21542.59486113122,21592.82710143839,21534.46273052509,1740420000000
21542.44406548661,21485.31926831356,21569.94109662329,21475.49206596231,1740423600000
21487.19001335826,21355.15498357754,21501.16110082664,21341.95762863823,1740427200000
21350.60713197681,21352.07964335409,21352.07964335409,21350.60713197681,1740430800000
21318.77336810499,21195.0200662526,21326.80923690272,21150.80409195551,1740492000000
21197.6801254176,21043.84076623096,21197.6801254176,20969.18501588792,1740495600000
21047.09449102904,21112.42543285527,21137.07830983514,20930.57753977723,1740499200000
21109.24840166085,21155.8519670671,21160.32040458188,21051.02193787856,1740502800000
21156.16365979297,21136.85159585671,21214.71948659897,21105.00191726937,1740506400000
21135.28721543446,21137.68984447487,21147.82517712852,21063.30072796122,1740510000000
21135.81433320492,21090.60890737033,21196.63568532998,21057.80167995685,1740513600000
21088.57118170737,21087.24528948997,21088.57118170737,21087.2381727304,1740517200000
21170.50609281005,21246.33075668952,21257.12873402247,21140.55106720474,1740578400000
21246.29847190892,21295.00811718071,21311.7187061367,21212.29955422441,1740582000000
21296.41869457288,21291.68476595191,21350.51934054657,21286.56546974026,1740585600000
21293.23075330223,21193.80149507728,21348.41332887186,21178.33544075182,1740589200000
21192.6026635437,21048.5882549859,21199.71907062912,21032.24174708901,1740592800000
21047.44685258358,21037.37413686587,21112.99134737393,21012.6154428252,1740596400000
21038.76975597618,21137.45076956335,21164.09688902094,21025.89814611356,1740600000000
21136.4779244935,21132.9190611468,21136.4779244935,21132.9190611468,1740603600000
21281.3567110409,20959.36962287458,21323.90574116559,20944.1954983713,1740664800000
20956.71562641475,20966.83364087994,21107.42968897386,20851.56805845837,1740668400000
20967.54574977501,20953.46457457303,21102.28124879113,20947.05832496454,1740672000000
20956.20994857743,20982.72482558817,21017.18917109706,20909.40206294449,1740675600000
20982.33670310095,20998.87363032329,21061.98587053095,20979.66333847811,1740679200000
21000.29791728451,20781.7369722534,21001.28663024764,20747.68192694628,1740682800000
20783.86551861814,20553.30226627798,20786.3203772108,20540.68042535907,1740686400000
20551.02792721583,20550.95323859004,20551.02792721583,20550.83194865814,1740690000000
20518.65002727636,20541.96597542044,20585.41171932281,20407.4495919248,1740751200000
20540.22485535652,20715.6246114846,20731.55897854589,20516.9281753987,1740754800000
20714.45065895183,20650.58117862897,20727.88992477627,20582.03724610088,1740758400000
20650.2549835481,20493.12959424151,20696.87990612284,20492.82505854181,1740762000000
20492.95722827336,20498.18950543888,20609.24020484776,20441.94735161402,1740765600000
20497.58499886317,20661.68665166542,20669.44399069989,20494.45333067641,1740769200000
20661.66648356625,20874.93121501995,20900.76788385503,20641.30359487596,1740772800000
20887.51967360971,20884.40809494124,20887.51967360971,20884.40809494124,1740776400000
20989.57578190941,20786.5377249162,21073.80329354109,20783.84126005586,1741010400000
20783.18162196888,20814.17082030707,20941.2645771101,20721.37409503581,1741014000000
20824.94709280497,20877.74652030308,20936.71615825038,20791.41790957792,1741017600000
20874.89260889907,20805.87570958102,20913.59260839744,20784.06992900503,1741021200000
20805.41419828037,20704.66988166429,20810.47365381524,20614.9104579292,1741024800000
20701.81566948059,20563.33575137889,20769.496081345,20562.59401213249,1741028400000
20563.1551560956,20430.67897164592,20563.1551560956,20279.49731931844,1741032000000
20430.24666208012,20425.58402721583,20430.24666208012,20425.58402721583,1741035600000
20281.88511734352,20192.85731998775,20376.45414512769,20190.12285836294,1741096800000
20193.39173439858,20154.22250844772,20211.58497158697,20034.67673902768,1741100400000
20151.71002741164,20255.53051895999,20291.99049937172,20066.17119038426,1741104000000
20256.79703972294,20294.27752477055,20384.84383583175,20225.56768684946,1741107600000
20293.80824529499,20459.3197496274,20478.85408383607,20276.22744183102,1741111200000
20459.14370858011,20580.60505182595,20585.6511249916,20458.2066703175,1741114800000
20580.38370321425,20350.58051021925,20688.46324864593,20282.78268309666,1741118400000
20352.89034962001,20352.52801406207,20352.89034962001,20352.52801406207,1741122000000
20363.22357682337,20277.43830013807,20418.3076091572,20237.40055503368,1741183200000
20311.68349628107,20355.43404886699,20452.12346487466,20269.87827276229,1741186800000
20354.38172044606,20305.12701842215,20354.38172044606,20182.57308091054,1741190400000
20301.58170652805,20532.69714035488,20535.29918685792,20297.20253816721,1741194000000
20532.40371659967,20552.74774361012,20554.71389781422,20416.35699153075,1741197600000
20550.40693631554,20614.84325635173,20671.51467530077,20525.29909104486,1741201200000
20615.01104329101,20623.00116340115,20688.71956855905,20570.69438210385,1741204800000
20628.57269060955,20628.46449939543,20628.57269060955,20628.46449939543,1741208400000
20231.73850249192,20252.06749780741,20303.72058976756,20197.6150655521,1741269600000
20247.17650414043,20396.58582896897,20473.4049234445,20225.3657228153,1741273200000
20400.11676032197,20219.5684141504,20456.19389331325,20217.7918284987,1741276800000
20219.25847339148,20139.4364580355,20237.88870026752,20061.28810355608,1741280400000
20138.54179791687,20086.34649488462,20170.92879970379,20012.69308100995,1741284000000
20085.69397172654,20018.79213166531,20166.57320649725,19968.555958604,1741287600000
20014.97455646523,20051.74360828668,20114.01389645769,19998.73178831194,1741291200000
20052.60604036951,20052.63485603972,20052.63485603972,20052.60604036951,1741294800000
20015.61516795509,20108.42622413112,20207.85479545161,20002.76194130222,1741356000000
20109.82977194549,19987.21611751899,20156.13916239659,19858.70081821288,1741359600000
19985.49527290522,19798.80538048335,19995.95046524265,19736.80615460991,1741363200000
19801.72765874347,19917.75404425061,20046.67160281427,19747.40149676964,1741366800000
19918.52828493375,20137.34137599759,20144.03670014053,19918.38083043757,1741370400000
20138.84503980574,20164.15103653677,20241.63388811912,20096.1560180637,1741374000000
20162.42502973541,20197.45963508606,20253.21706395988,20073.65654571202,1741377600000
20198.62586597989,20201.3725088254,20201.3725088254,20198.62586597989,1741381200000
19826.95950971211,19758.79398747003,19867.08380415572,19720.60305505914,1741611600000
19755.2159932454,19521.35839874619,19755.2159932454,19491.9081985869,1741615200000
19521.78587570294,19557.22542545187,19672.15290721903,19521.07625326546,1741618800000
19555.49966285771,19513.05149966441,19604.6523562348,19494.18350465417,1741622400000
19513.49403000672,19413.22433411077,19520.51499846383,19393.50408329951,1741626000000
19412.07462181655,19308.67369625155,19460.61328082382,19304.05336499054,1741629600000
19306.61661833852,19432.38841277074,19517.10401227435,19243.30940044032,1741633200000
19433.01020990906,19430.95271333892,19433.01020990906,19430.95271333892,1741636800000
19405.51900308982,19494.82715631603,19573.10623970527,19362.60529387187,1741698000000
19479.22232747118,19288.75405349297,19583.10445090843,19239.40996356596,1741701600000
19282.50542386292,19396.67968624671,19517.09721256203,19262.5486095582,1741705200000
19396.80915594177,19297.802389939,19415.31761013651,19273.11432529732,1741708800000
19297.76420024113,19291.84561496672,19338.04921851464,19180.55722292055,1741712400000
19293.15898316253,19611.57522507528,19659.4270361581,19291.60974610818,1741716000000
19613.12649788864,19375.0627427258,19648.74249129635,19369.71859480076,1741719600000
19369.93962102784,19376.95981186998,19376.95981186998,19369.93962102784,1741723200000
19663.38734503915,19620.03049476517,19756.08685732149,19574.0460352015,1741784400000
19620.43012201802,19451.38981458799,19700.80781228845,19451.11349597688,1741788000000
19454.12476170925,19609.18375700717,19611.16528735564,19375.25362617691,1741791600000
19609.27452684788,19610.10246529763,19704.38783558624,19570.41147682879,1741795200000
19612.37977616584,19516.56499370072,19693.26080315383,19516.56499370072,1741798800000
19518.08540918937,19657.14995882893,19682.41405121975,19513.60030886003,1741802400000
19655.5957960327,19592.40954168363,19655.5957960327,19539.47337603106,1741806000000
19594.21885366228,19596.0201807626,19596.0201807626,19594.21885366228,1741809600000
19534.37378101279,19347.80922502364,19558.56026138378,19324.29068684023,1741870800000
19345.13333879638,19406.84782867399,19542.74745968339,19306.32938546726,1741874400000
19411.84995969203,19275.80899737051,19455.481352925,19264.03585367827,1741878000000
19276.64598189088,19265.11531788762,19367.16777358798,19225.99708569907,1741881600000
19264.86342627083,19172.25286980452,19285.50749934751,19152.56879948969,1741885200000
19169.97417289279,19342.97681235655,19354.66459911376,19169.3047200602,1741888800000
19341.31567531349,19226.62533258819,19372.96697487722,19168.14877358924,1741892400000
19227.02355611134,19225.48268310119,19227.02355611134,19225.48268310119,1741896000000
19458.88989288072,19524.51912102736,19601.83090541309,19458.88989288072,1741957200000
19494.44019693231,19590.26931590066,19590.26931590066,19436.04168896565,1741960800000
19593.24990438022,19662.91102401756,19687.40677654292,19583.3301327424,1741964400000
19663.7670654568,19672.27473291797,19688.02920646873,19593.08368398834,1741968000000
19661.30475927046,19614.28579691293,19690.32302917318,19605.41298539162,1741971600000
19614.48418093316,19657.85195501412,19685.14493835839,19597.68347490132,1741975200000
19656.21481895558,19697.89078324281,19729.20855884155,19638.07672068184,1741978800000
19699.20460541907,19704.63559752488,19704.63559752488,19699.20460541907,1741982400000
19670.68823382094,19774.32726109912,19833.35168908799,19668.44492881934,1742216400000
19768.26278808331,19669.60377370456,19799.50339524954,19660.62866241561,1742220000000
19672.95604334152,19667.04932358184,19717.62677333954,19622.47042752069,1742223600000
19666.85473418187,19686.49407607245,19727.75578230639,19646.41253858128,1742227200000
19686.68085737988,19804.34550540506,19817.9684586822,19664.99642893133,1742230800000
19804.03831959899,19926.16104196638,19943.80596224221,19803.67964172699,1742234400000
19926.09625457048,19816.01805534566,19930.16182509465,19811.18055327852,1742238000000
19812.80647759942,19812.23548995235,19812.80647759942,19812.23548995235,1742241600000
19657.09709016111,19459.50809315676,19676.0506036671,19445.23983467938,1742302800000
19459.59029141227,19466.29878076342,19516.80323420939,19430.00659215758,1742306400000
19467.72817718568,19446.85585473711,19483.08102081635,19397.07492056956,1742310000000
19446.4274652926,19521.00865529851,19535.98210790876,19439.43493191091,1742313600000
19519.28396703399,19497.13505701292,19532.07752700083,19454.84620167233,1742317200000
19496.65257031119,19532.9599649942,19564.59937464202,19448.96707486054,1742320800000
19531.53144868261,19486.68362199491,19536.23109676319,19448.96025355068,1742324400000
19486.60808408861,19483.35962129859,19486.60808408861,19483.35962129859,1742328000000
19576.32043056651,19609.78978640691,19627.52727092205,19497.79114571031,1742389200000
19610.76918167587,19584.21651905305,19682.82150516435,19582.09833215411,1742392800000
19584.20380519079,19702.04790381349,19718.59759813699,19578.66525069847,1742396400000
19702.53466915724,19659.85321328067,19718.36166022406,19644.94524082663,1742400000000
19659.80495729828,19600.27583617602,19668.06515739828,19578.75995777931,1742403600000
19588.43783103909,19806.61518691846,19809.4345625339,19573.81666222257,1742407200000
19804.55779819159,19736.72712668461,19921.61989562855,19722.93663484556,1742410800000
19735.83936196537,19736.6616233261,19736.6616233261,19735.83936196537,1742414400000
19558.27520855029,19723.96247988345,19724.64874212297,19549.31433473042,1742475600000
19717.90634071047,19833.26545545323,19888.85289889571,19716.76843747245,1742479200000
19833.45776184937,19777.41751958029,19849.24440447723,19760.87672642622,1742482800000
19775.57027511231,19665.75863561266,19823.44482169561,19657.01914152695,1742486400000
19664.88998579261,19641.80865101971,19727.53589160418,19624.56546074128,1742490000000
19642.68194423189,19614.61543852444,19686.38679870968,19591.89307654108,1742493600000
19613.4486678029,19673.9416926713,19710.97659662558,19613.10568761544,1742497200000
19675.38518559485,19677.60865946635,19677.60865946635,19675.38518559485,1742500800000
19466.4439362133,19523.7427741251,19547.67655648793,19409.18363936928,1742562000000
19527.41759849503,19593.21087483578,19593.45526976011,19472.04255262393,1742565600000
19594.20739904248,19514.45476555358,19609.86443662427,19486.66242162295,1742569200000
19511.45521926581,19690.16898577622,19690.16898577622,19488.3299645618,1742572800000
19688.94641698144,19654.37949228508,19691.30011208693,19604.17871855838,1742576400000
19654.25332058699,19657.15439412024,19681.27823799924,19635.15990329423,1742580000000
19657.41414061954,19751.31226241486,19767.97986354727,19611.94442117399,1742583600000
19753.76945928573,19753.96560467944,19753.96560467944,19753.76945928573,1742587200000
20041.20639482566,20113.98780599431,20134.01174601873,20024.9706900146,1742821200000
20114.47970860087,20143.37234586799,20153.48829471183,20069.99429655557,1742824800000
20143.35697454958,20149.12703935746,20165.90317037795,20124.14144443821,1742828400000
20148.74854535809,20136.4756556178,20171.73135600298,20117.8683121978,1742832000000
20136.42420911785,20134.00666181811,20140.8931340451,20107.10266727203,1742835600000
20134.5558415261,20160.45925346821,20162.78143945852,20104.8451294856,1742839200000
20161.09016909791,20169.27081107574,20208.84202487938,20155.73713496539,1742842800000
20173.90108573673,20180.44473528553,20180.44473528553,20173.90108573673,1742846400000
20196.49762991761,20215.6774323405,20228.04978491036,20164.06730844205,1742907600000
20218.06938742988,20276.57609551289,20288.98470793035,20173.03194488436,1742911200000
20276.12173474432,20240.2391936465,20292.19438156004,20231.4722428944,1742914800000
20240.80141695999,20248.63501000109,20259.61952436223,20218.00734063716,1742918400000
20248.81923942014,20213.70233662876,20278.68388761079,20205.11213813032,1742922000000
20213.33063919099,20224.84509988611,20252.26385641755,20204.66966181879,1742925600000
20224.05561639649,20287.65529165162,20290.99147041031,20224.05561639649,1742929200000
20286.67260780717,20287.82625720161,20287.82625720161,20286.67260780717,1742932800000
20239.04518792482,20120.8754578699,20270.18859686729,20110.74480336383,1742994000000
20119.40634587828,20100.46069018563,20152.15399915748,20031.14005982844,1742997600000
20100.58254030578,19995.58334778712,20122.50557297981,19980.54338365197,1743001200000
19994.75118479634,19934.88125619242,20018.95685174915,19929.60293692134,1743004800000
19934.82294798737,19888.10358213775,19959.7772562825,19879.25827705839,1743008400000
19889.43170748413,19859.20823052586,19948.29008345265,19855.92764089154,1743012000000
19858.95773372862,19918.07822975224,19934.26198552103,19848.49441671223,1743015600000
19915.79487389039,19916.99152607617,19916.99152607617,19915.79487389039,1743019200000
19814.60858406333,19872.65541123558,19885.9710709007,19740.21771201374,1743080400000
19868.26817458914,19996.44884142761,20003.35986113673,19830.33919702034,1743084000000
19996.66977076723,19851.2675590594,19998.64422812285,19848.64994453843,1743087600000
19851.59143665302,19815.63493952408,19953.44790380246,19815.1859973893,1743091200000
19815.44474155164,19819.00359901339,19869.97417156652,19811.10342429549,1743094800000
19819.08673003782,19850.43154441029,19911.97981633574,19817.73763962984,1743098400000
19850.69593374945,19795.78343225321,19933.22459551117,19782.63898275757,1743102000000
19796.87289230598,19798.62194108388,19798.62194108388,19796.87289230598,1743105600000
19718.45675303426,19671.2075356967,19752.45292854179,19661.57476103679,1743166800000
19650.57982160855,19417.18915503865,19686.91916677186,19399.35321778419,1743170400000
19418.61913750992,19361.9701564034,19444.86835712559,19361.9701564034,1743174000000
19360.5587908877,19309.84360346093,19396.57181728662,19305.89846664636,1743177600000
19309.13511148812,19302.45816699501,19314.857893097,19261.11652176654,1743181200000
19301.00791218417,19301.2419105407,19336.72236386558,19266.22375312151,1743184800000
19301.7117320053,19279.00769600516,19322.79801164742,19241.5384016913,1743188400000
19279.64855584538,19281.39961596051,19281.39961596051,19279.64855584538,1743192000000
18998.54044135684,18915.89742483395,19003.71505764367,18799.19654399373,1743426000000
18913.46549610774,18959.89616118695,18989.57536314071,18879.28020222751,1743429600000
18963.56454559183,19045.47994713608,19083.87085415868,18943.80662785841,1743433200000
19045.59957308201,19041.26110724391,19105.58572821252,19001.54777715076,1743436800000
19041.02948218999,19049.16790602745,19126.56257626421,19035.11122800468,1743440400000
19049.04767842767,19176.28977445431,19236.76122739728,19046.08669981957,1743444000000
19175.70459206306,19273.90973793752,19316.06527898554,19174.55308023601,1743447600000
19273.89158477384,19278.44689257005,19278.44689257005,19273.89158477384,1743451200000
19192.77326422561,19252.84978692674,19290.9144278559,19175.06676159954,1743512400000
19236.49069813117,19343.37965654035,19345.27260949651,19095.17203650799,1743516000000
19342.77218603334,19419.05141063157,19430.36974133148,19334.56446257706,1743519600000
19419.79112953838,19393.91081255716,19468.62409112723,19331.12169232178,1743523200000
19394.35863719592,19336.12742226398,19406.887110504,19333.31232411653,1743526800000
19336.47483153957,19274.39598326339,19340.02141455724,19218.37631154976,1743530400000
19271.03406669767,19435.98535347885,19452.40379357984,19268.50764699465,1743534000000
19434.32439339926,19436.42249147307,19436.42249147307,19434.32439339926,1743537600000
19182.39106378506,19368.58744124279,19408.32677413316,19157.19977380251,1743598800000
19350.43507280637,19459.31069577708,19462.69036027781,19327.03930818376,1743602400000
19455.1287450975,19497.8546287768,19539.72866065996,19410.38699288989,1743606000000
19497.55691966375,19638.62709175916,19650.06275785661,19490.97704867089,1743609600000
19638.43313283768,19567.59479794521,19707.33806375946,19546.29764505072,1743613200000
19567.25157695099,19439.6974507505,19580.69403257408,19437.74247698813,1743616800000
19439.91073494262,19578.5558162506,19613.94573316902,19439.91073494262,1743620400000
19577.38719272826,19581.77663031767,19581.77663031767,19577.38719272826,1743624000000
18774.14758721503,18825.19601612709,18902.0709544543,18774.14758721503,1743685200000
18796.69814707426,18606.6367708425,18832.57111555844,18600.93608583341,1743688800000
18603.96503187409,18727.08722101329,18766.77866337319,18561.87713027204,1743692400000
18725.82588728194,18708.90339583556,18817.42511912727,18698.26010396602,1743696000000
18710.90677474557,18654.94869180689,18751.45430055413,18654.76245522349,1743699600000
18654.35120489266,18688.29909587605,18697.87791921966,18595.64684811744,1743703200000
18686.79459826221,18517.13549277303,18694.81993123516,18502.97297549931,1743706800000
18519.38231121278,18521.47526997387,18521.47526997387,18519.38231121278,1743710400000
18022.15535097007,18043.50534990509,18089.24643388504,17858.26353956192,1743771600000
18042.55924819461,17713.89336711971,18042.55924819461,17514.97136526583,1743775200000
17707.23758309877,17735.89798764782,17993.34741952129,17687.65574144242,1743778800000
17736.89601488751,17613.14771562137,17824.54668609515,17573.6929843776,1743782400000
17611.02942233966,17719.63573899329,17719.63573899329,17480.81960574317,1743786000000
17720.18431203197,17484.78977669704,17765.38089991128,17413.46835269369,1743789600000
17484.51774372671,17402.37242132396,17724.59876333564,17387.83388974919,1743793200000
17395.47800104423,17397.69503634454,17397.69503634454,17395.47800104423,1743796800000
16771.76598367593,17130.78605136945,17150.19747851361,16542.19918806127,1744030800000
17127.00176670802,17528.79196371794,18191.50336984086,17034.09600146297,1744034400000
17524.73540040518,17261.25596388071,17652.68192855663,17039.97931084175,1744038000000
17256.21104938388,17121.21512128165,17347.97228121524,17090.69797305429,1744041600000
17120.06485361138,17640.25805174616,17644.68380045992,17120.06485361138,1744045200000
17638.87908921322,17391.14268118286,17671.51071657249,17366.1674704519,1744048800000
17391.50206071822,17418.23122190728,17514.33110983794,17274.06407722144,1744052400000
17433.79383834527,17430.68228979521,17433.79383834527,17430.68228979521,1744056000000
18034.46119071326,18105.01335627348,18120.45300901376,17931.21453840584,1744117200000
18102.50065643253,17983.38049912115,18207.0075442584,17979.12932655183,1744120800000
17981.23486572945,17909.90551288193,18035.15640932814,17818.59636600635,1744124400000
17906.93445591443,17525.87561500393,17924.8161001286,17524.95866215324,1744128000000
17525.60005337244,17533.73189674004,17608.86692874811,17357.12311750812,1744131600000
17533.03253499615,17314.37269349172,17554.6864443384,17313.08182965685,1744135200000
17312.99409185605,17104.4172784063,17325.18617773008,16850.18182141896,1744138800000
17107.71012962941,17090.40147357418,17107.71012962941,17090.40147357418,1744142400000
17116.52701682381,17324.00555556508,17411.70603664156,17082.35481772496,1744203600000
17312.73274818915,17094.52032245129,17456.42738573428,17094.05955548704,1744207200000
17094.69917544003,17187.42840535971,17321.46719118121,17090.06670712465,1744210800000
17188.90472150519,17397.85661350272,17441.5807885716,17153.31934359155,1744214400000
17397.97336244166,18725.35396605195,18739.89555317883,17307.860307147,1744218000000
18724.24145660394,18626.7992732177,18953.52548278421,18610.44271848392,1744221600000
18621.16829684881,19122.23761712668,19234.01839306736,18566.19182987878,1744225200000
19128.99933309258,19145.06228905321,19145.06228905321,19128.99933309258,1744228800000
18626.10999629354,18518.42909968551,18710.58137037146,18518.18874646932,1744290000000
18516.49674195605,18444.12959424411,18647.59071739529,18430.15295779656,1744293600000
18442.12258287689,18141.58779666542,18528.97579665113,18124.21254029594,1744297200000
18140.35112453962,18171.30649755589,18187.82907958842,17794.49681131542,1744300800000
18170.29254795765,18323.25020277236,18363.81884165589,17909.92015635765,1744304400000
18323.42567844599,18403.51334508877,18519.53290184818,18173.31128910595,1744308000000
18402.76689407846,18344.36394775024,18508.13661054212,18105.53711893501,1744311600000
18342.66052769831,18343.57249835075,18343.57249835075,18342.66052769831,1744315200000
18309.28725091007,18428.48037566108,18502.75773417579,18227.9548925889,1744376400000
18409.81743362808,18286.12090695297,18472.53274185028,18153.3243490001,1744380000000
18283.91401017534,18422.75368327581,18431.98865404433,18199.01848849892,1744383600000
18424.22482029728,18597.79821651623,18638.68759027208,18400.83533102493,1744387200000
18596.98439645796,18680.77915087966,18728.95355071547,18467.93605773762,1744390800000
18679.25432463954,18596.74965579868,18691.68039141051,18580.18879732415,1744394400000
18597.67554597524,18682.45506073058,18720.59128640482,18597.67554597524,1744398000000
18679.42445670185,18690.05443330001,18690.05443330001,18679.42445670185,1744401600000
19095.49013819189,18913.96063244109,19115.1518465549,18859.87883763294,1744635600000
18916.13113984129,18991.79797703055,19048.14432553931,18902.02905611131,1744639200000
18990.62661487823,18697.88976836744,19005.52057261129,18670.71722034359,1744642800000
18697.87709535378,18654.50908351454,18755.05025484555,18614.75458752395,1744646400000
18655.12182407958,18802.55997876082,18809.21769352651,18647.31942415825,1744650000000
18802.12959408283,18873.07929491727,18901.17638698252,18800.98896659692,1744653600000
18873.12279503894,18796.72579976512,18951.73480019513,18782.00920688058,1744657200000
18796.77907669506,18796.02073961901,18796.77907669506,18796.02073961901,1744660800000
18831.97674736497,18934.86701712191,18974.10308283281,18829.40029076933,1744722000000
18934.85895903312,18885.36684615825,19004.17314489045,18802.49871775128,1744725600000
18885.61677481521,18909.68604436905,18948.41551449799,18853.23527825793,1744729200000
18909.83668697308,18831.20601127425,18948.30542836865,18814.46544767115,1744732800000
18829.62206683272,18816.35299705442,18869.06389657706,18778.71043248533,1744736400000
18816.39202637172,18841.34911429284,18851.92020911393,18754.86858370813,1744740000000
18839.73974308116,18828.18100694187,18861.106089509,18791.4039830288,1744743600000
18828.44325834051,18830.22711523077,18830.22711523077,18828.44325834051,1744747200000
18475.75644912917,18399.5039854234,18551.48303710545,18399.5039854234,1744808400000
18396.35232656037,18495.29369978222,18532.75425679004,18388.65969112966,1744812000000
18496.87796671448,18459.20039404596,18597.32314964652,18455.20330074465,1744815600000
18460.83921807587,18431.53098488253,18484.45843050703,18422.95230906078,1744819200000
18431.48177576966,18169.20035163365,18462.93350284477,18166.52945841794,1744822800000
18168.38112966657,18088.14242909564,18258.82664964844,18087.61714007447,1744826400000
18088.48283935383,18260.98513873876,18270.2873941737,17995.95535002513,1744830000000
18259.17055923,18257.64311770319,18259.17055923,18257.64311770319,1744833600000
18369.89812323318,18341.97486172083,18378.73427019168,18260.24531892016,1744894800000
18341.96118024231,18184.29852361648,18361.00132821543,18144.45528050605,1744898400000
18184.00950003142,18221.97926238025,18312.19373043793,18174.93130511969,1744902000000
18227.26581674552,18334.42433008967,18354.48790892887,18202.69679450104,1744905600000
18334.28281206216,18329.56706232662,18359.62606668278,18250.82200703956,1744909200000
18329.23526427435,18301.12467053528,18401.04908402904,18301.04238436467,1744912800000
18300.48906093093,18261.73847471686,18305.71208717422,18214.51001952888,1744916400000
18256.19579310131,18258.09207473722,18258.09207473722,18256.19579310131,1744920000000
18023.00725297539,17887.68410799728,18043.07802109477,17887.61277318936,1745240400000
17885.49021920885,17818.3361916582,17885.49021920885,17792.09529270606,1745244000000
17818.24776497096,17683.72260144171,17831.79290457075,17676.62815123014,1745247600000
17683.49643920199,17682.73657623907,17761.57438545981,17679.86097014687,1745251200000
17682.78667940486,17602.35357293233,17699.3512273352,17595.98597396919,1745254800000
17603.23900229202,17599.69614740251,17665.47184731074,17592.92050218959,1745258400000
17599.42733265817,17808.77183292856,17836.71348438489,17598.51559324602,1745262000000
17805.61628706774,17808.30069580447,17808.30069580447,17805.61628706774,1745265600000
18033.89919518219,18132.73875436174,18134.32499429357,17993.24145811746,1745326800000
18136.09002430005,18224.63186574461,18234.38753566585,18126.55039497034,1745330400000
18225.02644239055,18261.64676270248,18268.15863945709,18174.80759886023,1745334000000
18262.26188262638,18335.39977347968,18396.38779526244,18262.26188262638,1745337600000
18335.45517963906,18114.67955686001,18373.04368049504,18105.05605686944,1745341200000
18113.93192097761,18270.2662293131,18280.59268297643,18109.66710061174,1745344800000
18269.5307683551,18274.77719922459,18289.87744234983,18132.25559901792,1745348400000
18271.10215676766,18276.40645507091,18276.40645507091,18271.10215676766,1745352000000
18870.62450921985,18934.35478301129,18998.12696692364,18803.99809089398,1745413200000
18953.2510926682,18945.31144265513,19043.00686443478,18864.95408356545,1745416800000
18946.37752794427,18759.73038901373,18976.31507922175,18688.50097753737,1745420400000
18759.47248007666,18801.71391188699,18812.42141648367,18638.22273905691,1745424000000
18801.2065844411,18811.64119852053,18845.3490154323,18730.61759743094,1745427600000
18811.60665808299,18756.55710601158,18837.85074066948,18735.24974851503,1745431200000
18756.6787490716,18678.18215525009,18772.42935882927,18618.8881112915,1745434800000
18680.57806438979,18693.25793620252,18693.25793620252,18680.57806438979,1745438400000
18756.52614593146,18944.38118406769,18949.02569108868,18744.47235877632,1745499600000
18938.44400488275,19029.27896328394,19064.73799695855,18938.44400488275,1745503200000
19029.30930642143,19045.8304753083,19096.83724509731,19012.42014738068,1745506800000
19046.69601056958,19149.28392071255,19161.83088416607,19030.74058891366,1745510400000
19149.50550062953,19151.20207451395,19155.7407925851,19093.4356171243,1745514000000
19151.32208676745,19179.43539117933,19208.63921048713,19147.90223346038,1745517600000
19178.86670329248,19208.29974129621,19224.79608227363,19110.18060133158,1745521200000
19206.45381349476,19214.40010157992,19214.40010157992,19206.45381349476,1745524800000
19209.72286356322,19158.55629889116,19258.49153307095,19133.22729798819,1745586000000
19181.37421521748,19227.07624142674,19297.32962009373,19138.52206356407,1745589600000
19227.39395588191,19258.29693156781,19286.07737805596,19209.81683057163,1745593200000
19258.3836898475,19362.85214925822,19363.80228679177,19247.25377853485,1745596800000
19362.6287066129,19319.25728940061,19447.56005820386,19272.46189568544,1745600400000
19319.50167628386,19393.57820537157,19419.42752397302,19311.93030946917,1745604000000
19393.44669806279,19427.90763964014,19438.5885296023,19344.39662176988,1745607600000
19427.06336333078,19432.55910046932,19432.55910046932,19427.06336333078,1745611200000
19432.72404659303,19367.29652524487,19519.32889797374,19358.31100068609,1745845200000
19367.78664176826,19368.39466057688,19432.55287589204,19334.84234519765,1745848800000
19368.72316329232,19244.29959092256,19388.58651446372,19208.86386075209,1745852400000
19242.43481103714,19212.41100575808,19249.59609510143,19168.47908124051,1745856000000
19212.25733486503,19267.47094772716,19273.35057074475,19162.45857239125,1745859600000
19267.58273193818,19326.80134165282,19334.6828317403,19258.11357368079,1745863200000
19327.99234530267,19426.81981541778,19472.34065247172,19324.28092347674,1745866800000
19425.77218256784,19427.28917777265,19427.28917777265,19425.77218256784,1745870400000
19315.95438776298,19397.01875099732,19431.1220289305,19304.82777789413,1745931600000
19400.12564099296,19491.32658091403,19496.87895944087,19377.86705473673,1745935200000
19491.5461358199,19438.85874641746,19505.5723838326,19405.38340411613,1745938800000
19438.69967174134,19395.28049182497,19499.9102351703,19375.53497620637,1745942400000
19395.26937797061,19547.28947383078,19558.15768607742,19385.01667826448,1745946000000
19547.58392386219,19542.02738819434,19582.76573787494,19539.71074513799,1745949600000
19542.13783698587,19543.92482062209,19576.70017729823,19516.35266027941,1745953200000
19543.62662957716,19544.94549460331,19544.94549460331,19543.62662957716,1745956800000
19168.09255471652,19021.80218484893,19202.29103169497,19011.98139094221,1746018000000
19019.64473399252,19233.4845163068,19250.47285705224,19014.31859958169,1746021600000
19233.56205254713,19339.64755104694,19350.64806436877,19233.56205254713,1746025200000
19339.74610506632,19332.66510183024,19368.92864925122,19261.81768288691,1746028800000
19332.85853474851,19382.69224842032,19403.44310641091,19242.70319665634,1746032400000
19381.68386418336,19377.71746750807,19473.65947036327,19352.94642033139,1746036000000
19377.29273525285,19543.31071821803,19612.7644714542,19372.19979287616,1746039600000
19558.58772213173,19571.01825140987,19571.01825140987,19558.58772213173,1746043200000
19866.82971806631,19783.4835418118,19886.68637563784,19777.3316278882,1746104400000
19807.72980933749,19973.42195659183,19973.54387207645,19777.51008650862,1746108000000
19973.37917344147,19861.54845996864,20024.48097708142,19843.33664133187,1746111600000
19861.81848627772,19845.81576507984,19901.2902567222,19818.40080366057,1746115200000
19845.93161113777,19884.11493510798,19929.70031957039,19843.53117798185,1746118800000
19884.58996990781,19910.92100950721,19946.71009967685,19879.46920080167,1746122400000
19911.02492505561,19782.67586109863,19921.55015676708,19763.13999564153,1746126000000
19776.46938243334,19786.70911101053,19786.70911101053,19776.46938243334,1746129600000
19986.60909742414,19984.38078549634,20027.54082102317,19936.67298890456,1746190800000
19982.18166897286,20067.96665579902,20086.0743049213,19972.75058535527,1746194400000
20067.33115803749,20100.58487289206,20108.02542721812,20034.8457383267,1746198000000
20100.28935381875,20143.18886868812,20167.51737099988,20099.28094142496,1746201600000
20143.17516879871,20126.38590718387,20153.4821023582,20101.31162985871,1746205200000
20126.36677149844,20122.8991939414,20176.59740419279,20107.39157541001,1746208800000
20121.28515999566,20098.05371097296,20135.61472256773,20059.67648855915,1746212400000
20097.77306385825,20102.61414207469,20102.61414207469,20097.77306385825,1746216000000
19928.82088273457,19966.23271444197,19980.5309144738,19899.27976773107,1746450000000
19985.89532956467,20013.00260534351,20021.62292539364,19922.55621496464,1746453600000
20013.36583108453,20011.74810372051,20029.39196861027,19979.24040967998,1746457200000
20011.87807848554,20048.04756111653,20057.54781762532,20007.77251231023,1746460800000
20048.10405810231,20055.26829419452,20063.73956564982,20019.55208514769,1746464400000
20055.141675443,20062.20109224172,20100.60736330377,20050.94952922616,1746468000000
20062.10017601094,19970.44057074294,20062.4300084977,19957.49658013818,1746471600000
19968.61974605547,19967.94220134281,19968.61974605547,19967.94220134281,1746475200000
19709.6406539953,19677.09858569404,19777.47826595389,19663.96097870351,1746536400000
19676.88296063119,19819.66791165092,19846.60191884221,19659.32385464578,1746540000000
19819.27403658564,19810.13469964139,19864.78521374355,19805.02023728573,1746543600000
19810.14501726193,19778.27298298651,19927.22926660703,19777.02419709999,1746547200000
19778.74125820384,19761.30197448136,19826.89093864477,19753.44828620966,1746550800000
19761.25245335687,19863.52862943585,19863.65241136639,19761.04960409353,1746554400000
19863.22286977019,19787.16737690932,19884.05481661931,19786.86853836844,1746558000000
19785.20924501176,19791.34498391504,19791.34498391504,19785.20924501176,1746561600000
19804.49794895287,19851.31728521688,19859.43195347927,19785.99142635889,1746622800000
19853.11457899163,19763.11814240502,19894.28180538024,19751.00598551956,1746626400000
19763.50302691977,19763.33215404122,19768.91628445213,19709.7927517181,1746630000000
19761.95773300459,19811.93202359543,19814.54740108151,19725.7298660132,1746633600000
19812.24093815656,19740.25214030001,19835.23805854368,19727.55062106284,1746637200000
19738.38993941538,19799.86243494479,19807.6796319608,19605.06924008286,1746640800000
19799.47909019111,19865.7553848021,19960.85821240535,19688.53030113877,1746644400000
19869.56606248854,19867.97253565036,19869.56606248854,19867.97253565036,1746648000000
20067.42920882725,20012.25552869322,20082.1793092409,19983.22761200495,1746709200000
20012.6685818007,19937.12760207381,20042.08173808609,19907.67208267648,1746712800000
19935.2305958694,20181.999748597,20224.54157993842,19919.9637766603,1746716400000
20182.0645537066,20243.70500041663,20249.75676374171,20181.18257526163,1746720000000
20243.71990348409,20169.72600531902,20246.54919882616,20169.46382670582,1746723600000
20168.64255734179,20199.83479557004,20230.08489694837,20154.87798582621,1746727200000
20199.12263885443,20061.89581104246,20242.93908516338,20056.84304919155,1746730800000
20062.81282885764,20063.56542583179,20063.56542583179,20062.12658969448,1746734400000
20170.36932511297,20177.55907155944,20203.57812239812,20131.78565082169,1746795600000
20176.2687355849,20064.47985905331,20197.52171986772,19984.52892805938,1746799200000
20065.20400352492,20091.51416262307,20100.09495493548,20030.11865275272,1746802800000
20091.80664908953,20011.76571404734,20094.00724930847,20002.9089520137,1746806400000
20011.69314199747,20077.51118756824,20080.58227094077,19991.02020776619,1746810000000


Next page available. To fetch, call call_api with path="/v2/aggs/ticker/I:NDX/range/1/hour/1746813600000/2025-06-30" and params={"cursor": "bGltaXQ9NTAwMDAmc29ydD1hc2M"}
