timestamp,open,high,low,close,volume
2025-11-03 14:30:00+00:00,26112.2226562,26130.9550781,25904.8164062,25912.5175781,0
2025-11-03 15:30:00+00:00,25908.375,25979.2324219,25890.1933594,25918.6601562,151873298
2025-11-03 16:30:00+00:00,25920.4785156,26011.4179688,25915.2832031,25972.3828125,122408529
2025-11-03 17:30:00+00:00,25972.4921875,26027.4179688,25971.0898438,26009.9882812,111975264
2025-11-03 18:30:00+00:00,26010.890625,26033.2792969,25957.1484375,25964.3476562,118472355
2025-11-03 19:30:00+00:00,25963.7539062,25993.2011719,25937.2304688,25967.5371094,121462077
2025-11-03 20:30:00+00:00,25966.1035156,25977.2558594,25942.3398438,25973.78125,115547644
2025-11-04 14:30:00+00:00,25574.9433594,25761.84375,25530.9375,25737.7382812,0
2025-11-04 15:30:00+00:00,25734.4414062,25756.8339844,25612.9316406,25643.0507812,148124149
2025-11-04 16:30:00+00:00,25635.1464844,25664.1445312,25519.9570312,25584.5878906,125018456
2025-11-04 17:30:00+00:00,25583.2402344,25597.0625,25486.9609375,25498.8769531,109994604
2025-11-04 18:30:00+00:00,25494.6796875,25557.109375,25474.3945312,25532.1386719,116189291
2025-11-04 19:30:00+00:00,25532.5488281,25537.5585938,25449.1699219,25488.7148438,134006454
2025-11-04 20:30:00+00:00,25491.4667969,25512.3945312,25416.3242188,25445.0625,126721922
2025-11-05 14:30:00+00:00,25429.109375,25591.3613281,25366.7324219,25565.1132812,0
2025-11-05 15:30:00+00:00,25563.2207031,25619.9160156,25535.2148438,25618.5644531,144630283
2025-11-05 16:30:00+00:00,25618.1796875,25668.3046875,25605.2128906,25663.453125,120190265
2025-11-05 17:30:00+00:00,25663.4648438,25708.4042969,25661.8652344,25704.7324219,95815960
2025-11-05 18:30:00+00:00,25703.9824219,25749.8652344,25700.2675781,25731.4121094,113098210
2025-11-05 19:30:00+00:00,25730.5488281,25750.6699219,25702.5175781,25709.0234375,115813390
2025-11-05 20:30:00+00:00,25708.6210938,25708.6210938,25611.9199219,25619.515625,130561640
2025-11-06 14:30:00+00:00,25550.4765625,25554.2109375,25294.1542969,25386.1074219,0
2025-11-06 15:30:00+00:00,25390.5996094,25390.5996094,25159.4023438,25217.3457031,207359384
2025-11-06 16:30:00+00:00,25211.9375,25211.9375,25084.1835938,25126.6425781,161022235
2025-11-06 17:30:00+00:00,25125.0546875,25240.8828125,25115.6972656,25207.640625,123290006
2025-11-06 18:30:00+00:00,25207.0175781,25320.0722656,25196.2910156,25312.7949219,112997861
2025-11-06 19:30:00+00:00,25314.125,25320.3339844,25235.1015625,25236.2636719,111369623
2025-11-06 20:30:00+00:00,25238.4296875,25252.9179688,25110.4160156,25132.6816406,131537000
2025-11-07 14:30:00+00:00,24976.7109375,24976.7109375,24776.6914062,24853.1777344,0
2025-11-07 15:30:00+00:00,24857.0664062,24868.8242188,24665.375,24687.1914062,205701043
2025-11-07 16:30:00+00:00,24686.6972656,24756.2128906,24603.78125,24726.0722656,147601225
2025-11-07 17:30:00+00:00,24726.0253906,24815.8945312,24657.0253906,24814.6972656,117828987
2025-11-07 18:30:00+00:00,24813.859375,24858.7695312,24756.6679688,24843.8710938,118942373
2025-11-07 19:30:00+00:00,24847.6699219,25016.6308594,24847.6699219,24950.2460938,161425257
2025-11-07 20:30:00+00:00,24951.9023438,25065.1386719,24951.9023438,25065.1386719,116634000
2025-11-10 14:30:00+00:00,25422.15625,25563.4257812,25422.15625,25541.765625,0
2025-11-10 15:30:00+00:00,25545.0058594,25560.0566406,25377.2910156,25383.5234375,163098417
2025-11-10 16:30:00+00:00,25385.3105469,25471.5390625,25357.8027344,25449.5507812,121575216
2025-11-10 17:30:00+00:00,25451.9746094,25552.1953125,25451.9746094,25526.3242188,90694150
2025-11-10 18:30:00+00:00,25527.5566406,25591.3261719,25527.5566406,25583.6699219,101946402
2025-11-10 19:30:00+00:00,25583.1816406,25625.234375,25571.9003906,25606.84375,108849817
2025-11-10 20:30:00+00:00,25604.2207031,25654.1328125,25595.4785156,25609.2011719,114729645
2025-11-11 14:30:00+00:00,25503.0683594,25543.25,25428.8300781,25439.9570312,0
2025-11-11 15:30:00+00:00,25441.3164062,25485.9941406,25384.5234375,25407.6640625,128021127
2025-11-11 16:30:00+00:00,25408.5859375,25489.8886719,25385.1054688,25459.4023438,93870410
2025-11-11 17:30:00+00:00,25459.1621094,25563.7382812,25457.9746094,25536.4257812,87469135
2025-11-11 18:30:00+00:00,25536.3359375,25587.9902344,25503.5644531,25555.3867188,107607208
2025-11-11 19:30:00+00:00,25555.8476562,25572.96875,25542.0839844,25552.2832031,85651427
2025-11-11 20:30:00+00:00,25551.3769531,25581.4023438,25513.9882812,25533.6542969,101579991
2025-11-12 14:30:00+00:00,25656.1621094,25656.1621094,25462.6894531,25515.0273438,0
2025-11-12 15:30:00+00:00,25512.2148438,25517.7871094,25396.0722656,25481.6542969,157503849
2025-11-12 16:30:00+00:00,25478.9667969,25504.8222656,25389.7265625,25453.3847656,103479336
2025-11-12 17:30:00+00:00,25453.21875,25527.8808594,25452.5859375,25507.6757812,95227148
2025-11-12 18:30:00+00:00,25508.0546875,25536.0566406,25470.3496094,25477.5722656,86588943
2025-11-12 19:30:00+00:00,25478.1367188,25502.7578125,25444.9257812,25501.4453125,95798373
2025-11-12 20:30:00+00:00,25500.671875,25547.4941406,25490.328125,25521.0625,107335664
2025-11-13 14:30:00+00:00,25376.7636719,25393.484375,25186.7519531,25282.953125,0
2025-11-13 15:30:00+00:00,25278.8027344,25280.6074219,25084.8789062,25126.9179688,172827141
2025-11-13 16:30:00+00:00,25125.2050781,25156.5097656,25059.8085938,25136.1855469,125185172
2025-11-13 17:30:00+00:00,25136.0214844,25152.8378906,24963.2226562,24974.0546875,122845678
2025-11-13 18:30:00+00:00,24972.3671875,25025.4804688,24915.1972656,25024.1523438,135234206
2025-11-13 19:30:00+00:00,25023.640625,25033.7167969,24908.5957031,24974.375,133254736
2025-11-13 20:30:00+00:00,24976.90625,25043.5800781,24935.0058594,24999.2050781,125093048
2025-11-14 14:30:00+00:00,24645.2324219,24934.8847656,24536.453125,24920.2519531,0
2025-11-14 15:30:00+00:00,24918.1933594,25173.9550781,24895.8300781,25149.671875,169799754
2025-11-14 16:30:00+00:00,25152.5546875,25198.4375,25091.3613281,25169.8261719,123180272
2025-11-14 17:30:00+00:00,25167.8789062,25190.0351562,25033.8867188,25073.0605469,111163743
2025-11-14 18:30:00+00:00,25068.0117188,25125.5839844,25001.2246094,25110.4277344,105062738
2025-11-14 19:30:00+00:00,25113.2636719,25157.5527344,25034.9296875,25052.6699219,107409164
2025-11-14 20:30:00+00:00,25046.46875,25067.9179688,24982.0996094,25011.5332031,113997058
2025-11-17 14:30:00+00:00,24883.3710938,25165.1210938,24868.7871094,25050.4941406,0
2025-11-17 15:30:00+00:00,25051.4375,25063.390625,24862.8222656,24983.0039062,141027687
2025-11-17 16:30:00+00:00,24986.25,25109.8359375,24981.6738281,25060.1777344,109925189
2025-11-17 17:30:00+00:00,25061.6621094,25073.0390625,24873.9726562,24895.1503906,100083304
2025-11-17 18:30:00+00:00,24893.8554688,24961.0585938,24740.0683594,24779.359375,110084304
2025-11-17 19:30:00+00:00,24779.6992188,24794.578125,24650.8808594,24699.4179688,135009440
2025-11-17 20:30:00+00:00,24710.4453125,24805.1367188,24677.3417969,24805.1367188,119401222
2025-11-18 14:30:00+00:00,24641.2421875,24733.7773438,24347.0546875,24460.1523438,0
2025-11-18 15:30:00+00:00,24457.6601562,24577.2148438,24299.2949219,24561.8183594,168991216
2025-11-18 16:30:00+00:00,24564.1289062,24605.9570312,24448.3339844,24452.9628906,131996408
2025-11-18 17:30:00+00:00,24448.1230469,24703.671875,24415.125,24644.1308594,139775937
2025-11-18 18:30:00+00:00,24646.7636719,24712.8945312,24611.8691406,24624.0351562,112862379
2025-11-18 19:30:00+00:00,24626.9355469,24719.0839844,24565.1015625,24607.1679688,111443732
2025-11-18 20:30:00+00:00,24615.4316406,24620.046875,24498.234375,24498.234375,113278000
2025-11-19 14:30:00+00:00,24519.5,24901.8769531,24505.2890625,24871.3867188,0
2025-11-19 15:30:00+00:00,24875.2753906,24884.1914062,24588.3554688,24629.0742188,161687843
2025-11-19 16:30:00+00:00,24623.5019531,24640.40625,24507.3046875,24551.3164062,127726607
2025-11-19 17:30:00+00:00,24550.3945312,24602.2460938,24433.6972656,24518.8183594,124473752
2025-11-19 18:30:00+00:00,24511.9511719,24620.9726562,24506.1386719,24515.2167969,101849048
2025-11-19 19:30:00+00:00,24512.2421875,24720.4824219,24495.1289062,24689.0039062,121908399
2025-11-19 20:30:00+00:00,24693.4863281,24745.5566406,24613.1757812,24637.9453125,121543548
2025-11-20 14:30:00+00:00,25117.3144531,25212.4355469,25072.3242188,25172.5195312,0
2025-11-20 15:30:00+00:00,25174.8300781,25221.6152344,24811.2050781,24827.515625,196360012
2025-11-20 16:30:00+00:00,24812.9882812,24835.8261719,24287.6386719,24369.8339844,238116667
2025-11-20 17:30:00+00:00,24365.7695312,24515.1582031,24235.2792969,24424.0117188,172408133
2025-11-20 18:30:00+00:00,24422.0273438,24438.6542969,24137.6054688,24269.2265625,142025346
2025-11-20 19:30:00+00:00,24267.5585938,24319.7792969,24166.6953125,24212.2695312,138997000
2025-11-20 20:30:00+00:00,24214.9980469,24227.8515625,24021.4375,24061.09375,146361000
2025-11-21 14:30:00+00:00,24157.8027344,24218.3046875,23958.3613281,23972.7832031,0
2025-11-21 15:30:00+00:00,23963.3945312,24102.2050781,23857.3984375,24102.2050781,246173415
2025-11-21 16:30:00+00:00,24103.046875,24316.5683594,24076.7089844,24280.9511719,188550996
2025-11-21 17:30:00+00:00,24290.4746094,24337.8769531,24135.2070312,24191.9257812,130384908
2025-11-21 18:30:00+00:00,24184.7480469,24521.2109375,24181.8242188,24509.265625,168100745
2025-11-21 19:30:00+00:00,24508.5410156,24517.6699219,24318.6074219,24318.6074219,155822000
2025-11-21 20:30:00+00:00,24298.21875,24374.5664062,24214.5429688,24239.8261719,139846000
2025-11-24 14:30:00+00:00,24460.2734375,24696.0410156,24460.2734375,24668.3261719,0
2025-11-24 15:30:00+00:00,24658.0800781,24809.6542969,24644.2558594,24793.25,162872315
2025-11-24 16:30:00+00:00,24793.8691406,24815.7382812,24757.6816406,24812.984375,125608479
2025-11-24 17:30:00+00:00,24813.3925781,24880.6425781,24811.6445312,24858.9023438,105045512
2025-11-24 18:30:00+00:00,24858.7382812,24886.8867188,24843.6171875,24860.3125,101044993
2025-11-24 19:30:00+00:00,24862.9765625,24888.5957031,24820.5644531,24865.3164062,124742905
2025-11-24 20:30:00+00:00,24865.1972656,24918.9667969,24855.1269531,24877.1152344,147601546
2025-11-25 14:30:00+00:00,24780.0117188,24809.7402344,24545.1855469,24707.2578125,0
2025-11-25 15:30:00+00:00,24711.9257812,24810.1074219,24698.9160156,24786.5820312,173514312
2025-11-25 16:30:00+00:00,24792.6640625,24944,24777.46875,24921.8652344,129449166
2025-11-25 17:30:00+00:00,24924,24988.7890625,24911.3964844,24954.3398438,104384456
2025-11-25 18:30:00+00:00,24956.3261719,24981.578125,24894.0898438,24915.3671875,99252021
2025-11-25 19:30:00+00:00,24914.9140625,24986.5078125,24871.5839844,24981.6796875,125717681
2025-11-25 20:30:00+00:00,24983.96875,25069.5429688,24981.640625,25018.8300781,122607000
2025-11-26 14:30:00+00:00,25162.640625,25214.1679688,25079.3261719,25126.9902344,0
2025-11-26 15:30:00+00:00,25130.9453125,25273.4765625,25130.9453125,25259.3769531,125794866
2025-11-26 16:30:00+00:00,25263.453125,25308.6835938,25248.8339844,25273.7773438,98075329
2025-11-26 17:30:00+00:00,25274.4550781,25302.1328125,25223.9980469,25280.34375,87839328
2025-11-26 18:30:00+00:00,25279.9023438,25282.2773438,25224.9667969,25280.7753906,80680397
2025-11-26 19:30:00+00:00,25282.0117188,25296.421875,25246.9921875,25283.1191406,99878539
2025-11-26 20:30:00+00:00,25283.5625,25287.8144531,25234.0527344,25234.0527344,98368257
2025-11-28 14:30:00+00:00,25305.9140625,25363.9257812,25285.1015625,25316.6953125,0
2025-11-28 15:30:00+00:00,25314.6894531,25383.0078125,25305.6855469,25335.4980469,129943514
2025-11-28 16:30:00+00:00,25333.4042969,25382.9101562,25321.6230469,25363.8867188,111485805
2025-12-01 14:30:00+00:00,25229.9824219,25336.6035156,25161.0820312,25276.3398438,0
2025-12-01 15:30:00+00:00,25272.0546875,25366.0839844,25222.0078125,25330.7421875,131010753
2025-12-01 16:30:00+00:00,25334.9375,25413.5097656,25332.9492188,25399.9511719,91502348
2025-12-01 17:30:00+00:00,25401.2929688,25443.2050781,25393.6601562,25410.4746094,86982979
2025-12-01 18:30:00+00:00,25411.5214844,25437.9941406,25340.4003906,25342.2011719,85714503
2025-12-01 19:30:00+00:00,25341.4726562,25362.109375,25307.7050781,25348.9277344,97827631
2025-12-01 20:30:00+00:00,25349.359375,25369.4238281,25315.4257812,25342.9121094,114326823
2025-12-02 14:30:00+00:00,25442.9199219,25601.0996094,25429.7363281,25525.0019531,0
2025-12-02 15:30:00+00:00,25522.4824219,25621.9648438,25399.5917969,25414.3027344,190203516
2025-12-02 16:30:00+00:00,25428.5878906,25564.34375,25369.3554688,25557.4960938,123240047
2025-12-02 17:30:00+00:00,25557.1425781,25572.7207031,25452.1992188,25516.4804688,93368869
2025-12-02 18:30:00+00:00,25513.7460938,25560.671875,25486.59375,25537.7890625,101368906
2025-12-02 19:30:00+00:00,25536.4824219,25591.2988281,25534.0761719,25585.6640625,111954820
2025-12-02 20:30:00+00:00,25584.7890625,25596.7695312,25542.8945312,25555.1445312,113131696
2025-12-03 14:30:00+00:00,25439.4257812,25528.6308594,25388.4375,25487.1777344,0
2025-12-03 15:30:00+00:00,25479.3925781,25557.5410156,25461.8632812,25520.0683594,159017086
2025-12-03 16:30:00+00:00,25517.0253906,25584.515625,25489.1074219,25576.3671875,101647864
2025-12-03 17:30:00+00:00,25576.1679688,25592.1269531,25554.8476562,25580.9179688,80812147
2025-12-03 18:30:00+00:00,25583.9277344,25608.6875,25578.9921875,25600.9667969,91300725
2025-12-03 19:30:00+00:00,25602.2519531,25639.9746094,25597.0996094,25635.7558594,110333374
2025-12-03 20:30:00+00:00,25634.0644531,25637.015625,25596.3691406,25608.78125,116604587
2025-12-04 14:30:00+00:00,25655.5878906,25655.5878906,25482.4941406,25548,0
2025-12-04 15:30:00+00:00,25544.8554688,25593.9140625,25470.9707031,25540.3144531,148952333
2025-12-04 16:30:00+00:00,25538.0761719,25604.7773438,25521.5488281,25556.9199219,119546379
2025-12-04 17:30:00+00:00,25558.8828125,25580.5527344,25534.8261719,25579.7578125,90667472
2025-12-04 18:30:00+00:00,25577.5390625,25586.421875,25450.6386719,25489.7441406,95297375
2025-12-04 19:30:00+00:00,25485.5664062,25562.75,25485.4941406,25518.8378906,101464911
2025-12-04 20:30:00+00:00,25517.1386719,25583.3261719,25517.1386719,25583.3261719,103835638
2025-12-05 14:30:00+00:00,25659.1855469,25827.078125,25649.5,25796.5683594,0
2025-12-05 15:30:00+00:00,25796.4589844,25818.6328125,25650.2304688,25660.4707031,180244394
2025-12-05 16:30:00+00:00,25657.5820312,25719.1464844,25619.0058594,25658.0214844,153049316
2025-12-05 17:30:00+00:00,25657.4335938,25706.125,25630.4667969,25705.6523438,118193406
2025-12-05 18:30:00+00:00,25705.6425781,25718.6777344,25671.2578125,25684.3652344,100980324
2025-12-05 19:30:00+00:00,25684.1992188,25703.5585938,25666.0214844,25687.09375,103913968
2025-12-05 20:30:00+00:00,25686.953125,25699.3828125,25639.1113281,25689.453125,114428000
2025-12-08 14:30:00+00:00,25770.9003906,25826.5449219,25624.921875,25666.7109375,0
2025-12-08 15:30:00+00:00,25660.4101562,25687.0976562,25594.9140625,25627.7851562,167457888
2025-12-08 16:30:00+00:00,25628.2402344,25631.7558594,25563.2285156,25579.8339844,124730135
2025-12-08 17:30:00+00:00,25580.3222656,25661.4511719,25576.875,25595.8320312,146503881
2025-12-08 18:30:00+00:00,25593.1015625,25602.9140625,25531.75,25561.9628906,119557127
2025-12-08 19:30:00+00:00,25561.6816406,25584.6191406,25546.6386719,25578.734375,120846697
2025-12-08 20:30:00+00:00,25577.7519531,25631.2636719,25553.21875,25631.2636719,119086789
2025-12-09 14:30:00+00:00,25585.4921875,25631.4863281,25532.3378906,25629.8398438,0
2025-12-09 15:30:00+00:00,25625.5527344,25674.7929688,25605.0214844,25657.8574219,124585793
2025-12-09 16:30:00+00:00,25656.5664062,25696.2460938,25635.890625,25674.75,95865467
2025-12-09 17:30:00+00:00,25675.0097656,25696.0957031,25658.6640625,25692.0703125,90376388
2025-12-09 18:30:00+00:00,25692.1445312,25698.2617188,25658.9765625,25675.3847656,97226482
2025-12-09 19:30:00+00:00,25675.515625,25681.6308594,25652.7988281,25664.9472656,96154051
2025-12-09 20:30:00+00:00,25664.4101562,25687.2011719,25656.6523438,25667.6191406,107218828
2025-12-10 14:30:00+00:00,25634.1386719,25640.3691406,25544.0351562,25607.8359375,0
2025-12-10 15:30:00+00:00,25608.7109375,25620.3984375,25504.6777344,25619.2871094,128360474
2025-12-10 16:30:00+00:00,25619.4765625,25624.6699219,25584.2050781,25595.1835938,95667253
2025-12-10 17:30:00+00:00,25592.0761719,25647.0234375,25569.4980469,25578.2089844,84977885
2025-12-10 18:30:00+00:00,25573.7949219,25704.8496094,25569.0039062,25634.3027344,121669299
2025-12-10 19:30:00+00:00,25635.9511719,25830.4960938,25591.4746094,25803.8847656,180460199
2025-12-10 20:30:00+00:00,25804.8359375,25830.9101562,25768.3183594,25776.2148438,130192439
2025-12-11 14:30:00+00:00,25606.1640625,25606.1640625,25372.6230469,25574.1152344,0
2025-12-11 15:30:00+00:00,25575.6074219,25581.5957031,25436.2070312,25442.1132812,133599924
2025-12-11 16:30:00+00:00,25442.3222656,25607.0605469,25442.3222656,25579.0136719,103686634
2025-12-11 17:30:00+00:00,25581.4746094,25621.7109375,25559.5976562,25597.2519531,99200934
2025-12-11 18:30:00+00:00,25597.0078125,25674.2851562,25589.5078125,25669.9394531,97355958
2025-12-11 19:30:00+00:00,25671.8964844,25696.2910156,25650.5878906,25652.390625,104024838
2025-12-11 20:30:00+00:00,25652.90625,25692.2832031,25635.1992188,25691.6035156,103705705
2025-12-12 14:30:00+00:00,25536.6796875,25604.65625,25304.296875,25305.9550781,0
2025-12-12 15:30:00+00:00,25284.8496094,25385.1367188,25118.6445312,25206.9570312,196044734
2025-12-12 16:30:00+00:00,25203.4101562,25283.1191406,25106.3164062,25205.4433594,130459886
2025-12-12 17:30:00+00:00,25206.140625,25351.3730469,25184.4980469,25319.1191406,103344611
2025-12-12 18:30:00+00:00,25322.0410156,25326.1738281,25200.2011719,25207.1269531,93894202
2025-12-12 19:30:00+00:00,25208.0078125,25246.7539062,25190.6210938,25195.5742188,105302777
2025-12-12 20:30:00+00:00,25198.0957031,25204.3457031,25133.6621094,25200.2792969,135639394
2025-12-15 14:30:00+00:00,25354.8671875,25375.1757812,25023.265625,25050.7910156,0
2025-12-15 15:30:00+00:00,25045.2304688,25245.6484375,25045.2304688,25232.4824219,142739211
2025-12-15 16:30:00+00:00,25236.25,25238.5292969,25106.2246094,25128.7480469,104889121
2025-12-15 17:30:00+00:00,25130.6601562,25165.3261719,25068.7636719,25081.4472656,95646308
2025-12-15 18:30:00+00:00,25080.2011719,25160.15625,25067.3339844,25115.8359375,95520552
2025-12-15 19:30:00+00:00,25117,25136.453125,25087.3300781,25101.0703125,118575725
2025-12-15 20:30:00+00:00,25102.6933594,25106.0859375,25060.8125,25066.7167969,131386541
2025-12-16 14:30:00+00:00,25009.6289062,25138.53125,24925.1210938,24979.8066406,0
2025-12-16 15:30:00+00:00,24988.4003906,25080.3457031,24940.3320312,24975.7519531,134298091
2025-12-16 16:30:00+00:00,24977.1855469,25090.8398438,24962.7167969,25016.9609375,108481398
2025-12-16 17:30:00+00:00,25014.9921875,25059.296875,24926.2324219,24948.2304688,89318756
2025-12-16 18:30:00+00:00,24951.1210938,25087.0839844,24951.0292969,25026.5175781,99520694
2025-12-16 19:30:00+00:00,25025.2753906,25121.8671875,25022.7597656,25120.109375,117920495
2025-12-16 20:30:00+00:00,25119.5039062,25188.0390625,25119.5039062,25126.5820312,131002042
2025-12-17 14:30:00+00:00,25173.1796875,25189.8417969,25009.9921875,25077.8554688,0
2025-12-17 15:30:00+00:00,25076.6601562,25086.515625,24771.2832031,24834.2421875,201759847
2025-12-17 16:30:00+00:00,24824.5644531,24839.7421875,24751.3671875,24807.5136719,128379879
2025-12-17 17:30:00+00:00,24807.8007812,24844.1914062,24755.6738281,24778.625,104724467
2025-12-17 18:30:00+00:00,24775.3242188,24781.1816406,24701.5703125,24706.2519531,115517099
2025-12-17 19:30:00+00:00,24706.109375,24750.8984375,24687.7714844,24716.7890625,119898529
2025-12-17 20:30:00+00:00,24721.8144531,24735.1601562,24648.5078125,24655.7265625,130326730
2025-12-18 14:30:00+00:00,25025.6210938,25094.6464844,24921.4511719,25079.5664062,0
2025-12-18 15:30:00+00:00,25086.6171875,25161.7597656,25068.4453125,25112.1660156,165564261
2025-12-18 16:30:00+00:00,25109.0644531,25162.5449219,24944.9042969,24989.3671875,130755972
2025-12-18 17:30:00+00:00,24989.25,25127.9003906,24978.6621094,25117.3066406,98650053
2025-12-18 18:30:00+00:00,25118.2460938,25154.6269531,25018.203125,25036.7382812,97867798
2025-12-18 19:30:00+00:00,25036.3925781,25069.7832031,24954.6933594,25064.5097656,115610284
2025-12-18 20:30:00+00:00,25064.2402344,25096.2460938,25015.5039062,25015.5039062,105954797
2025-12-19 14:30:00+00:00,25137.1328125,25353.8398438,25137.1328125,25266.0917969,442027708
2025-12-19 15:30:00+00:00,25259.3613281,25317.5507812,25226.71875,25301.2949219,147316772
2025-12-19 16:30:00+00:00,25300.6660156,25336.5,25259.8398438,25331.1640625,115162987
2025-12-19 17:30:00+00:00,25330.9023438,25352.8164062,25317.5878906,25332.9667969,97293641
2025-12-19 18:30:00+00:00,25333.6660156,25345.0957031,25306.8144531,25340.5917969,93773413
2025-12-19 19:30:00+00:00,25340.9003906,25350.65625,25329.3496094,25342.421875,121822785
2025-12-19 20:30:00+00:00,25343.0019531,25353.8730469,25311.9746094,25344.2929688,164897000
2025-12-22 14:30:00+00:00,25530.2519531,25551.4765625,25444.1816406,25458.2207031,0
2025-12-22 15:30:00+00:00,25458.0273438,25487.9882812,25402.71875,25478.6113281,116862542
2025-12-22 16:30:00+00:00,25478.5585938,25484.7480469,25459.7128906,25467.1035156,85343199
2025-12-22 17:30:00+00:00,25466.7539062,25489.6210938,25445.34375,25458.4804688,73662024
2025-12-22 18:30:00+00:00,25458.1054688,25466.6230469,25443.5898438,25464.5273438,72867687
2025-12-22 19:30:00+00:00,25464.7011719,25478.7597656,25445.1679688,25454.0566406,80203003
2025-12-22 20:30:00+00:00,25454.9121094,25466.9980469,25446.2421875,25459.1679688,86237808
2025-12-23 14:30:00+00:00,25435.0585938,25519.28125,25404.3945312,25442.21875,0
2025-12-23 15:30:00+00:00,25444.390625,25521.2246094,25444.390625,25510.5722656,107173525
2025-12-23 16:30:00+00:00,25511.6347656,25545.5136719,25503.5898438,25534.1425781,85644459
2025-12-23 17:30:00+00:00,25533.9492188,25546.0722656,25518.2929688,25538.2539062,68844901
2025-12-23 18:30:00+00:00,25538.453125,25557.546875,25536.8085938,25554.2519531,69401620
2025-12-23 19:30:00+00:00,25553.2773438,25572.3261719,25548.8535156,25565.6953125,75252468
2025-12-23 20:30:00+00:00,25563.1191406,25589.6210938,25562.2382812,25586.734375,87736286
2025-12-24 14:30:00+00:00,25581.6757812,25615.1054688,25556.8515625,25589.9726562,0
2025-12-24 15:30:00+00:00,25590.6054688,25630.2597656,25587.1621094,25628.3554688,77642588
2025-12-24 16:30:00+00:00,25628.0253906,25657.1289062,25626.7910156,25649.6171875,68210844
2025-12-26 14:30:00+00:00,25691.6367188,25714.1972656,25620.8613281,25670.3222656,0
2025-12-26 15:30:00+00:00,25669.0644531,25695.5761719,25647.2382812,25667.0585938,81522744
2025-12-26 16:30:00+00:00,25666.953125,25675.8242188,25635.7558594,25663.6601562,52476204
2025-12-26 17:30:00+00:00,25663.8984375,25667.4570312,25640.6230469,25654.6347656,47228962
2025-12-26 18:30:00+00:00,25654.0976562,25684,25653.8457031,25666.0410156,54533392
2025-12-26 19:30:00+00:00,25666.4042969,25677.0800781,25652.7421875,25657.0703125,56146622
2025-12-26 20:30:00+00:00,25656.609375,25661.6171875,25639.9277344,25644.3359375,65818391
2025-12-29 14:30:00+00:00,25462.2617188,25597.9433594,25451.09375,25531.4589844,0
2025-12-29 15:30:00+00:00,25530.9042969,25555.0703125,25466.796875,25489.7382812,81313950
2025-12-29 16:30:00+00:00,25488.5917969,25503.5800781,25442.0800781,25447.0703125,63935978
2025-12-29 17:30:00+00:00,25447.0507812,25497.3789062,25446.5175781,25490.078125,56743266
2025-12-29 18:30:00+00:00,25489.8925781,25514.046875,25474.9492188,25497.9746094,55641264
2025-12-29 19:30:00+00:00,25498.4433594,25557.640625,25498.3339844,25535.3984375,67643692
2025-12-29 20:30:00+00:00,25535.2324219,25542.4550781,25516.2617188,25528.1308594,74254369
2025-12-30 14:30:00+00:00,25510.6796875,25556.9238281,25464.8398438,25486.8671875,0
2025-12-30 15:30:00+00:00,25487.3652344,25577.0976562,25474.5742188,25557.4160156,88920161
2025-12-30 16:30:00+00:00,25557.2304688,25560.0332031,25494.3476562,25511.1972656,63141834
2025-12-30 17:30:00+00:00,25511.28125,25525.3574219,25498.453125,25524.0078125,51889162
2025-12-30 18:30:00+00:00,25523.765625,25529.7929688,25503.0078125,25522.3945312,54065669
2025-12-30 19:30:00+00:00,25522.5683594,25526.0859375,25476.3652344,25494.6601562,63913258
2025-12-30 20:30:00+00:00,25493.3242188,25503.1796875,25458.5703125,25462.6855469,76804042
2025-12-31 14:30:00+00:00,25457.5957031,25483.7675781,25370.6269531,25396.0839844,0
2025-12-31 15:30:00+00:00,25397.4453125,25400.7382812,25346.5195312,25394.0507812,67066569
2025-12-31 16:30:00+00:00,25394.328125,25403.0859375,25368.0292969,25385.1542969,55222978
2025-12-31 17:30:00+00:00,25385.0683594,25400.0351562,25371.2773438,25398.5566406,49618557
2025-12-31 18:30:00+00:00,25398.734375,25428.4511719,25377.9550781,25378.3222656,52844225
2025-12-31 19:30:00+00:00,25378.5449219,25380.7109375,25274.5859375,25277.4394531,68878173
2025-12-31 20:30:00+00:00,25276.4726562,25312.5898438,25244.8574219,25257.5078125,77805563
2026-01-02 14:30:00+00:00,25526.3925781,25597.5332031,25272.1914062,25298,0
2026-01-02 15:30:00+00:00,25291.328125,25404.4628906,25114.7597656,25192.6269531,162977829
2026-01-02 16:30:00+00:00,25189.015625,25232.2480469,25119.8183594,25198.7265625,101907800
2026-01-02 17:30:00+00:00,25199.9707031,25212.4726562,25126.9550781,25148.0253906,88318539
2026-01-02 18:30:00+00:00,25147.9726562,25225.7949219,25086.4042969,25220.9902344,91478621
2026-01-02 19:30:00+00:00,25221.3808594,25266.3085938,25205.1992188,25247.6582031,94094950
2026-01-02 20:30:00+00:00,25245.9863281,25251.1503906,25184.8164062,25204.828125,99564419
2026-01-05 14:30:00+00:00,25465.5078125,25497.6386719,25357.9941406,25489.8320312,0
2026-01-05 15:30:00+00:00,25495.0742188,25510.2773438,25454.5664062,25500.9667969,156030889
2026-01-05 16:30:00+00:00,25499.1660156,25519.953125,25432.3652344,25443.6367188,133220266
2026-01-05 17:30:00+00:00,25439.015625,25448.375,25377.2285156,25418.1210938,102401573
2026-01-05 18:30:00+00:00,25419.0605469,25438.5019531,25400.9257812,25403.0136719,91851696
2026-01-05 19:30:00+00:00,25401.6035156,25418.4570312,25367.5527344,25414.4335938,103081986
2026-01-05 20:30:00+00:00,25412.3984375,25426.109375,25382.3027344,25402.3886719,103567776
2026-01-06 14:30:00+00:00,25487.5859375,25592.1054688,25431.0019531,25585.8691406,0
2026-01-06 15:30:00+00:00,25587.7011719,25587.7011719,25465.7148438,25497.5078125,0
2026-01-06 16:30:00+00:00,25491.953125,25560.5644531,25481.1035156,25549.8984375,572396054
2026-01-06 17:30:00+00:00,25549.8242188,25598.5253906,25549.8242188,25577.03125,104838187
2026-01-06 18:30:00+00:00,25579.1640625,25626.4628906,25568.0507812,25623.5351562,96965661
2026-01-06 19:30:00+00:00,25625.8417969,25635.1699219,25617.9726562,25624.5527344,0
2026-01-06 20:30:00+00:00,25623.5078125,25653.3886719,25622.5644531,25644.8535156,980647039
2026-01-07 14:30:00+00:00,25629.2421875,25700.2617188,25597.3398438,25685.4648438,0
2026-01-07 15:30:00+00:00,25685.5644531,25746.3632812,25641.5292969,25711.2265625,180284663
2026-01-07 16:30:00+00:00,25716.6757812,25806.0058594,25712.8984375,25802.2460938,121683564
2026-01-07 17:30:00+00:00,25802.6367188,25812.6191406,25749.4238281,25752.2519531,102261138
2026-01-07 18:30:00+00:00,25753.7988281,25796.7382812,25713.140625,25721.1386719,108037901
2026-01-07 19:30:00+00:00,25721.0996094,25739.1933594,25674.8222656,25679.6738281,108248128
2026-01-07 20:30:00+00:00,25680.3652344,25680.3652344,25640.265625,25654.546875,111794628
2026-01-08 14:30:00+00:00,25608.2597656,25608.6582031,25401.3710938,25525.4511719,0
2026-01-08 15:30:00+00:00,25522.4335938,25530.6328125,25442.3554688,25450.9394531,160193231
2026-01-08 16:30:00+00:00,25447.4941406,25503.6484375,25414.890625,25462.5019531,113077852
2026-01-08 17:30:00+00:00,25462.7773438,25526.2480469,25448.1210938,25484.7089844,94082221
2026-01-08 18:30:00+00:00,25485.5351562,25498.8203125,25424.8183594,25452.2578125,90691589
2026-01-08 19:30:00+00:00,25452.75,25504.0214844,25439.7109375,25497.2382812,102435303
2026-01-08 20:30:00+00:00,25502,25521.3164062,25489.9335938,25507.515625,99560987
2026-01-09 14:30:00+00:00,25520.2597656,25683.3203125,25455.9726562,25679.0449219,0
2026-01-09 15:30:00+00:00,25681.140625,25725.2265625,25599.0957031,25690.5332031,155525234
2026-01-09 16:30:00+00:00,25686.9707031,25750.1894531,25676.5136719,25739.0585938,113764531
2026-01-09 17:30:00+00:00,25738.6152344,25760.0683594,25713.0800781,25735.9511719,112020077
2026-01-09 18:30:00+00:00,25735.9160156,25792.9238281,25735.9160156,25786.6992188,94516300
2026-01-09 19:30:00+00:00,25786.1777344,25811.3535156,25776.4335938,25794.8984375,103670512
2026-01-09 20:30:00+00:00,25794.5019531,25799.5839844,25762.5839844,25762.5839844,102310014
2026-01-12 14:30:00+00:00,25609.2773438,25765.8671875,25609.2773438,25755.828125,0
2026-01-12 15:30:00+00:00,25756.0292969,25792.0859375,25701.1953125,25771.1328125,129962524
2026-01-12 16:30:00+00:00,25771.5703125,25805.8574219,25756.6679688,25794.7734375,109823903
2026-01-12 17:30:00+00:00,25794.5371094,25827.2089844,25772.3808594,25823.8125,84931476
2026-01-12 18:30:00+00:00,25824.7910156,25832.671875,25794.8867188,25829.5957031,80362374
2026-01-12 19:30:00+00:00,25829.3242188,25849.5214844,25819.4492188,25824.1542969,93678188
2026-01-12 20:30:00+00:00,25820.8066406,25826.7636719,25786.953125,25786.953125,102214762
2026-01-13 14:30:00+00:00,25772.0605469,25873.1777344,25655.0292969,25677.9628906,0
2026-01-13 15:30:00+00:00,25678.8066406,25758.8007812,25652.2402344,25741.0625,152555904
2026-01-13 16:30:00+00:00,25737.4902344,25859.4570312,25735.2851562,25801.7792969,133715527
2026-01-13 17:30:00+00:00,25804.2421875,25811.2519531,25692.6367188,25713.3183594,100759378
2026-01-13 18:30:00+00:00,25713.6386719,25736.328125,25657.3457031,25701.3066406,97983822
2026-01-13 19:30:00+00:00,25700.3457031,25721.3242188,25663.2148438,25664.4707031,116254261
2026-01-13 20:30:00+00:00,25662.0078125,25743.7988281,25642.4648438,25743.7988281,130627241
2026-01-14 14:30:00+00:00,25577.2109375,25620.0195312,25377.0117188,25452.2578125,282243635
2026-01-14 15:30:00+00:00,25453.0078125,25465.4746094,25313.6796875,25417.0332031,157123223
2026-01-14 16:30:00+00:00,25413.2578125,25427.0292969,25284.4667969,25332.734375,124111986
2026-01-14 17:30:00+00:00,25332.5371094,25346.8964844,25276.7890625,25336.7128906,100690617
2026-01-14 18:30:00+00:00,25336.5878906,25362.7207031,25266.3066406,25351.5449219,99244999
2026-01-14 19:30:00+00:00,25352.453125,25426.0195312,25306.7480469,25398.7128906,123487347
2026-01-14 20:30:00+00:00,25399.9003906,25469.8710938,25399.9003906,25469.8710938,120962133
2026-01-15 14:30:00+00:00,25757.6015625,25780.0703125,25681.3359375,25696.8945312,0
2026-01-15 15:30:00+00:00,25698.2441406,25760.4941406,25650.2890625,25740.9589844,149400841
2026-01-15 16:30:00+00:00,25739.3222656,25774.2519531,25717.9882812,25718.390625,111381307
2026-01-15 17:30:00+00:00,25718.7304688,25735.2988281,25689.8710938,25735.2988281,89812543
2026-01-15 18:30:00+00:00,25734.3007812,25745.9160156,25632.5429688,25638.0957031,99015060
2026-01-15 19:30:00+00:00,25634.6582031,25639.9902344,25533.1347656,25556.0839844,118399471
2026-01-15 20:30:00+00:00,25556.0644531,25562.1386719,25520.4082031,25545.1230469,109055377
2026-01-16 14:30:00+00:00,25704.6875,25732.3476562,25517.6328125,25517.6328125,0
2026-01-16 15:30:00+00:00,25519.5488281,25563.3339844,25445.4589844,25561.0664062,144689222
2026-01-16 16:30:00+00:00,25562.9746094,25595.5625,25537.9375,25548.1445312,111966228
2026-01-16 17:30:00+00:00,25544.0351562,25572.4296875,25503.8242188,25563.0097656,98904648
2026-01-16 18:30:00+00:00,25562.7421875,25589.609375,25520.4785156,25528.5742188,91603670
2026-01-16 19:30:00+00:00,25526.7695312,25573.1992188,25526.6269531,25557.4140625,108228696
2026-01-16 20:30:00+00:00,25554.4785156,25566.2363281,25527.2773438,25527.2773438,115461387
2026-01-20 14:30:00+00:00,25165.7441406,25218.7832031,25101.9355469,25214.7324219,0
2026-01-20 15:30:00+00:00,25210.2050781,25279.3125,25186.4628906,25258.1015625,184669906
2026-01-20 16:30:00+00:00,25256.453125,25278.84375,25185.4492188,25193.0800781,141293997
2026-01-20 17:30:00+00:00,25187.3828125,25187.3828125,25102.1621094,25104.6601562,116444041
2026-01-20 18:30:00+00:00,25101.6464844,25108.2910156,25007.4882812,25015.5429688,121207079
2026-01-20 19:30:00+00:00,25016.3808594,25033.5566406,24973.5664062,24983.2597656,147040278
2026-01-20 20:30:00+00:00,24986.8417969,24995.9355469,24954.6445312,24989.3027344,141717000
2026-01-21 14:30:00+00:00,25043.6191406,25239.7578125,24996.6914062,25233.9082031,0
2026-01-21 15:30:00+00:00,25234.078125,25343.7460938,25234.078125,25315.2851562,207967813
2026-01-21 16:30:00+00:00,25311.9824219,25311.9824219,25005.828125,25069.1933594,171195635
2026-01-21 17:30:00+00:00,25067.9082031,25117.5527344,25015.2539062,25092.8066406,123613161
2026-01-21 18:30:00+00:00,25094.1171875,25304.7578125,25068.9941406,25289.5605469,122146131
2026-01-21 19:30:00+00:00,25299.4394531,25498.6230469,25283.3828125,25342.5625,220836000
2026-01-21 20:30:00+00:00,25336.0117188,25367.8671875,25301.796875,25323.0292969,142314000
2026-01-22 14:30:00+00:00,25542.0742188,25558.3789062,25400.6738281,25454.53125,0
2026-01-22 15:30:00+00:00,25453.2617188,25541.9101562,25436.4023438,25528.484375,152973126
2026-01-22 16:30:00+00:00,25528.7402344,25552.59375,25512.3261719,25535.0136719,111433915
2026-01-22 17:30:00+00:00,25537.1757812,25576.2695312,25536.6855469,25557.1035156,106539783
2026-01-22 18:30:00+00:00,25555.6464844,25569.6054688,25525.3164062,25565.1230469,98811066
2026-01-22 19:30:00+00:00,25564.9140625,25567.9492188,25468.2089844,25468.2089844,121898318
2026-01-22 20:30:00+00:00,25464.3984375,25517.6796875,25445.9492188,25517.4902344,121149888
2026-01-23 14:30:00+00:00,25501.8847656,25626.5058594,25435.125,25617.2460938,0
2026-01-23 15:30:00+00:00,25615.2988281,25709.7421875,25614.3476562,25657.8925781,174585949
2026-01-23 16:30:00+00:00,25657.1425781,25687.9667969,25629.2285156,25663.4414062,134097705
2026-01-23 17:30:00+00:00,25662.5703125,25663.125,25553.8769531,25620.2519531,121349163
2026-01-23 18:30:00+00:00,25621.9550781,25638.6367188,25584.9648438,25613.171875,102078841
2026-01-23 19:30:00+00:00,25611.9609375,25624.3710938,25562.5585938,25578.0625,110063154
2026-01-23 20:30:00+00:00,25578.0351562,25619.6816406,25564.3457031,25601.7050781,119678000
2026-01-26 14:30:00+00:00,25617.671875,25750.1542969,25581.5136719,25711.8105469,0
2026-01-26 15:30:00+00:00,25714.0878906,25772,25703.3066406,25770.9199219,150772350
2026-01-26 16:30:00+00:00,25773.9238281,25796.4472656,25756.6425781,25781.7402344,98076549
2026-01-26 17:30:00+00:00,25780.4238281,25781.4101562,25743.5214844,25775.1972656,81191758
2026-01-26 18:30:00+00:00,25774.2578125,25795.1386719,25755.328125,25769.0917969,83458477
2026-01-26 19:30:00+00:00,25768.9667969,25778.7578125,25737.5214844,25750.1464844,94209603
2026-01-26 20:30:00+00:00,25749.6835938,25762.1445312,25708.9609375,25713.2597656,101276503
2026-01-27 14:30:00+00:00,25847.8144531,25941.9453125,25793.7773438,25916.8964844,0
2026-01-27 15:30:00+00:00,25914.25,25971.6347656,25914.25,25958.0820312,135526225
2026-01-27 16:30:00+00:00,25960.828125,25967.3359375,25921.6230469,25953.1679688,97482990
2026-01-27 17:30:00+00:00,25952.6191406,25957.8046875,25911.6601562,25946.8867188,90664505
2026-01-27 18:30:00+00:00,25947.2578125,25964.1464844,25943.3886719,25961.0566406,90237072
2026-01-27 19:30:00+00:00,25962.9375,25982.59375,25947.5410156,25965.9394531,105795411
2026-01-27 20:30:00+00:00,25964.2695312,25967.8417969,25937.5878906,25940.6523438,109812217
2026-01-28 14:30:00+00:00,26117.3183594,26163.1015625,26084.2011719,26092.9140625,0
2026-01-28 15:30:00+00:00,26094.3886719,26104.8105469,26024.1445312,26053.8867188,146845905
2026-01-28 16:30:00+00:00,26052.2949219,26052.2949219,25975.5351562,25998.921875,124394616
2026-01-28 17:30:00+00:00,25997.9414062,26042.6230469,25983.1035156,26032.3125,95007056
2026-01-28 18:30:00+00:00,26033.4707031,26062.3378906,25992.6328125,25992.6328125,101649609
2026-01-28 19:30:00+00:00,25988.0976562,26082.140625,25986.609375,26044.9628906,146823920
2026-01-28 20:30:00+00:00,26044.3554688,26056.6660156,26009.2050781,26018.7421875,122396586
2026-01-29 14:30:00+00:00,26024.3242188,26045.703125,25603.5839844,25615.8085938,0
2026-01-29 15:30:00+00:00,25612.2832031,25625.2949219,25421.4160156,25569.328125,233127984
2026-01-29 16:30:00+00:00,25567.8046875,25727.2109375,25552.8945312,25718.4277344,144561085
2026-01-29 17:30:00+00:00,25717.3925781,25755.9257812,25633.1289062,25727.9511719,122271598
2026-01-29 18:30:00+00:00,25724.6386719,25776.2070312,25701.6210938,25759.1640625,109208400
2026-01-29 19:30:00+00:00,25759.3027344,25763.9941406,25714.7207031,25730.1347656,127464000
2026-01-29 20:30:00+00:00,25729.4042969,25895.5996094,25724.8066406,25878.1875,143448000
2026-01-30 14:30:00+00:00,25742.6582031,25821.4199219,25681.2832031,25681.2832031,270270386
2026-01-30 15:30:00+00:00,25667.7851562,25688.5957031,25662.6308594,25688.5957031,16364623
2026-02-02 18:30:00+00:00,25823.5917969,25829.9863281,25805.8789062,25809.7949219,457512299
2026-02-02 19:30:00+00:00,25808.3535156,25808.3535156,25708.96875,25750.453125,144611420
2026-02-02 20:30:00+00:00,25748.2910156,25753.7519531,25719.59375,25737.9042969,124302359
2026-02-03 14:30:00+00:00,25814.8828125,25835.2988281,25371.1621094,25437.6523438,0
2026-02-03 15:30:00+00:00,25442.7988281,25518.0683594,25378.2578125,25390.8867188,211528122
2026-02-03 16:30:00+00:00,25389.359375,25424.3769531,25298.2207031,25310.4375,169565456
2026-02-03 17:30:00+00:00,25309.0644531,25316.7304688,25208.8867188,25225.2441406,167858330
2026-02-03 18:30:00+00:00,25224.5449219,25250.0996094,25112.4980469,25187.0917969,164695081
2026-02-03 19:30:00+00:00,25188.7988281,25234.6855469,25131.2773438,25226.3300781,169833000
2026-02-03 20:30:00+00:00,25225.0390625,25347.3808594,25225.0390625,25343.71875,148382000
2026-02-04 14:30:00+00:00,25247.5996094,25272.5878906,25008.3398438,25142.609375,396475159
2026-02-04 15:30:00+00:00,25137.3847656,25162.6230469,24942.7695312,25027.171875,257171856
2026-02-04 16:30:00+00:00,25022.1542969,25023.9511719,24777.0507812,24784.0332031,193410065
2026-02-04 17:30:00+00:00,24778.7324219,24845.6074219,24681.2734375,24842.8828125,191930621
2026-02-04 18:30:00+00:00,24841.5605469,24861.171875,24736.4316406,24857.4375,157397000
2026-02-04 19:30:00+00:00,24859.3535156,25015.1621094,24859.3535156,24957.96875,194867000
2026-02-04 20:30:00+00:00,24961.8515625,24996.4257812,24879.5,24891.2714844,146943000
2026-02-05 14:30:00+00:00,24615.2910156,24848.0527344,24455.4609375,24482.5390625,0
2026-02-05 15:30:00+00:00,24481.1015625,24682.6464844,24458.2695312,24674.5722656,231421190
2026-02-05 16:30:00+00:00,24686.34375,24760.2832031,24630.2246094,24741.6484375,166200422
2026-02-05 17:30:00+00:00,24741.1152344,24785.5371094,24615.9296875,24634.5410156,152258088
2026-02-05 18:30:00+00:00,24638.9863281,24735.5800781,24565.2070312,24665.8476562,143360000
2026-02-05 19:30:00+00:00,24665.4824219,24703.2304688,24532.4628906,24534.8867188,169281000
2026-02-05 20:30:00+00:00,24538.3378906,24573.5859375,24471.5566406,24556.0859375,146170000
2026-02-06 14:30:00+00:00,24652.1367188,24893.4628906,24622.3320312,24810.6152344,420083181
2026-02-06 15:30:00+00:00,24809.671875,24941.03125,24777.6347656,24913.7070312,221787905
2026-02-06 16:30:00+00:00,24922.5195312,24984.1210938,24892.4023438,24979.9921875,183438504
2026-02-06 17:30:00+00:00,24980.0742188,25034.3300781,24952.3789062,25000.9414062,153774268
2026-02-06 18:30:00+00:00,25001.1679688,25018.7324219,24978.5839844,25016.6933594,121407000
2026-02-06 19:30:00+00:00,25008.7167969,25037.0214844,24967.8125,25019.7304688,153443000
2026-02-06 20:30:00+00:00,25019.7871094,25131.0996094,25013.3867188,25072.828125,155222000
2026-02-09 14:30:00+00:00,24952.3632812,25165.7421875,24876.2792969,25098.5507812,0
2026-02-09 15:30:00+00:00,25106.1621094,25267.6816406,25106.1621094,25267.6816406,167092476
2026-02-09 16:30:00+00:00,25266.5136719,25329.6777344,25253.84375,25294.2539062,149050248
2026-02-09 17:30:00+00:00,25296.4160156,25310.0527344,25233.8261719,25255.4121094,107849770
2026-02-09 18:30:00+00:00,25256.4648438,25333.0390625,25247.5234375,25329.8945312,106079596
2026-02-09 19:30:00+00:00,25330.125,25337.5429688,25270.7460938,25275.9414062,120486450
2026-02-09 20:30:00+00:00,25271.9335938,25302.3574219,25250.0683594,25262.8457031,120428000
2026-02-10 14:30:00+00:00,25302.7929688,25363.125,25177.6738281,25318.8515625,291472003
2026-02-10 15:30:00+00:00,25314.2167969,25351,25251.6757812,25265.8867188,168687910
2026-02-10 16:30:00+00:00,25255.3144531,25298.9082031,25224.7304688,25281.9042969,135321506
2026-02-10 17:30:00+00:00,25281.1660156,25310.765625,25208.6933594,25208.8984375,100156924
2026-02-10 18:30:00+00:00,25210.2988281,25237.140625,25191.296875,25214.203125,93185621
2026-02-10 19:30:00+00:00,25215.4277344,25226.921875,25160.265625,25169.5488281,118324651
2026-02-10 20:30:00+00:00,25168.1074219,25184.390625,25114.21875,25121.1660156,123315509
2026-02-11 14:30:00+00:00,25333.7988281,25381.8085938,24982.2988281,25003.3378906,332069484
2026-02-11 15:30:00+00:00,24995.4785156,25190.6777344,24995.4785156,25117.7714844,193317361
2026-02-11 16:30:00+00:00,25112.3183594,25209.3867188,25064.8007812,25203.5761719,142171828
2026-02-11 17:30:00+00:00,25203.6171875,25236.4003906,25123.5273438,25193.6777344,115145083
2026-02-11 18:30:00+00:00,25196.9433594,25273.4980469,25175.640625,25265.1972656,115467575
2026-02-11 19:30:00+00:00,25265.3886719,25271.2519531,25202.2324219,25202.2324219,133232726
2026-02-11 20:30:00+00:00,25198.0566406,25237.1308594,25191.9453125,25194.8925781,127727000
2026-02-12 14:30:00+00:00,25272.2910156,25308.0546875,25092.6484375,25154.5546875,0
2026-02-12 15:30:00+00:00,25156.3046875,25169.5390625,24734.0703125,24737.9042969,256326861
2026-02-12 16:30:00+00:00,24737.640625,24844.0976562,24734.2304688,24795.4375,190696094
2026-02-12 17:30:00+00:00,24795.1367188,24859.1210938,24728.5527344,24763.328125,145594318
2026-02-12 18:30:00+00:00,24760.2246094,24848.25,24748.4726562,24792.0898438,134853187
2026-02-12 19:30:00+00:00,24795.3652344,24861.4765625,24722.4316406,24724.6816406,147974000
2026-02-12 20:30:00+00:00,24723.2089844,24753.4511719,24643.9101562,24693.1347656,149916000
2026-02-13 14:30:00+00:00,24684.3808594,24795.5546875,24516.2871094,24782.8769531,0
2026-02-13 15:30:00+00:00,24780.2324219,24857.2753906,24656.2773438,24770,168679253
2026-02-13 16:30:00+00:00,24779.3964844,24896.2304688,24750.3945312,24878.4746094,113295294
2026-02-13 17:30:00+00:00,24877.0371094,24919.4804688,24833.3886719,24877.1855469,93531421
2026-02-13 18:30:00+00:00,24877.9726562,24921.3222656,24845.7851562,24850.1425781,90999048
2026-02-13 19:30:00+00:00,24849.3164062,24874.875,24686.9863281,24694.9414062,113958886
2026-02-13 20:30:00+00:00,24695.2382812,24737.8613281,24665.9414062,24737.8613281,122231668
2026-02-17 14:30:00+00:00,24582.1132812,24745.1328125,24410.2617188,24462.1113281,0
2026-02-17 15:30:00+00:00,24467.1875,24723.3144531,24388.5273438,24660.2363281,166395165
2026-02-17 16:30:00+00:00,24661.0585938,24714.4726562,24607.5371094,24680.4101562,113947209
2026-02-17 17:30:00+00:00,24682.890625,24712.2792969,24546.4179688,24698.8964844,109290797
2026-02-17 18:30:00+00:00,24699.3671875,24801.7773438,24685.9277344,24766.7480469,101284128
2026-02-17 19:30:00+00:00,24770.0332031,24818.2011719,24702.9765625,24706.0234375,104014135
2026-02-17 20:30:00+00:00,24702.0820312,24725.2792969,24672.1738281,24709.6484375,108444186
2026-02-18 14:30:00+00:00,24718.7363281,25002.2421875,24700.3730469,24989.0839844,0
2026-02-18 15:30:00+00:00,24988.2617188,25045.6582031,24955.75,25024.8710938,138531161
2026-02-18 16:30:00+00:00,25025.7617188,25055.6308594,24994.0585938,25022.5527344,98992106
2026-02-18 17:30:00+00:00,25021.7070312,25057.1054688,24986.2480469,24994.6835938,81326713
2026-02-18 18:30:00+00:00,24996.8769531,25004.1582031,24918.4570312,24925.078125,92726106
2026-02-18 19:30:00+00:00,24930.2441406,24930.578125,24791.8691406,24812.703125,117922679
2026-02-18 20:30:00+00:00,24809.1679688,24931.9375,24809.1679688,24891.7285156,111468801
2026-02-19 14:30:00+00:00,24765.1152344,24882.2167969,24711.6972656,24797.828125,0
2026-02-19 15:30:00+00:00,24789.6894531,24888.9570312,24789.6894531,24813.8496094,128079014
2026-02-19 16:30:00+00:00,24814.6269531,24850.7695312,24742.3398438,24796.0429688,98323058
2026-02-19 17:30:00+00:00,24793.6777344,24803.8496094,24692.1152344,24724.1699219,91136378
2026-02-19 18:30:00+00:00,24725.2910156,24782.0800781,24705.5019531,24741.3007812,75588844
2026-02-19 19:30:00+00:00,24740.4609375,24755.6328125,24691.1328125,24723.1699219,99351202
2026-02-19 20:30:00+00:00,24722.1191406,24797.5,24722.1191406,24795.7070312,100072884
2026-02-20 14:30:00+00:00,24639.2363281,25008.7558594,24639.2363281,24912.1425781,0
2026-02-20 15:30:00+00:00,24912.609375,25075.8066406,24857.8027344,24924.9550781,179195037
2026-02-20 16:30:00+00:00,24922.2402344,25066.7148438,24830.9550781,24865.96875,133884987
2026-02-20 17:30:00+00:00,24865.1699219,24983.0917969,24859.6191406,24909.3300781,129665734
2026-02-20 18:30:00+00:00,24904.3554688,25057.9160156,24880.8320312,24991.5585938,122519910
2026-02-20 19:30:00+00:00,24991.9140625,25014.6171875,24956.0488281,24961.4179688,107395636
2026-02-20 20:30:00+00:00,24960.3867188,25012.4082031,24960.3867188,25012.4082031,107160201
2026-02-23 14:30:00+00:00,24952.9238281,24977.0800781,24789.3261719,24815.4570312,0
2026-02-23 15:30:00+00:00,24815.4589844,24838.6308594,24619.4414062,24719.4726562,166091785
2026-02-23 16:30:00+00:00,24718.2832031,24731.1386719,24673.0078125,24689.7636719,137172733
2026-02-23 17:30:00+00:00,24689.5625,24762.7714844,24624.6601562,24753.203125,111639583
2026-02-23 18:30:00+00:00,24753.3007812,24761.4042969,24657.9824219,24659.8535156,101885232
2026-02-23 19:30:00+00:00,24661.0957031,24674.2167969,24627.7285156,24654.2773438,118034281
2026-02-23 20:30:00+00:00,24657.6972656,24714.0839844,24655.9785156,24714.0839844,112915363
2026-02-24 14:30:00+00:00,24760.4160156,24956.9316406,24648.4414062,24956.9316406,0
2026-02-24 15:30:00+00:00,24956.1308594,24990.3808594,24917.2128906,24959.2558594,161860390
2026-02-24 16:30:00+00:00,24958.21875,25017.09375,24916.8066406,25004.0253906,118757254
2026-02-24 17:30:00+00:00,25002.6914062,25022.6679688,24962.2773438,24963.9921875,90996600
2026-02-24 18:30:00+00:00,24964.2714844,24992.8164062,24937.7714844,24949.2265625,105255147
2026-02-24 19:30:00+00:00,24948.1347656,24989.8554688,24944.625,24945.390625,105336378
2026-02-24 20:30:00+00:00,24945.9746094,25016.1484375,24943.796875,24976.3046875,129803473
2026-02-25 14:30:00+00:00,25142.7929688,25301.1503906,25142.7929688,25283.9746094,0
2026-02-25 15:30:00+00:00,25285.7480469,25291.7050781,25219.4863281,25250.8222656,156085223
2026-02-25 16:30:00+00:00,25250.4960938,25290.46875,25246.3183594,25269.9941406,128432368
2026-02-25 17:30:00+00:00,25269.8964844,25305.6992188,25264.1796875,25287.9316406,98316417
2026-02-25 18:30:00+00:00,25287.9296875,25327.8535156,25284.9472656,25320.2246094,99285746
2026-02-25 19:30:00+00:00,25319.9472656,25328.0273438,25311.8242188,25318.2714844,124937428
2026-02-25 20:30:00+00:00,25312.5800781,25342.6054688,25304.3984375,25331.4492188,124510145
2026-02-26 14:30:00+00:00,25287.6191406,25287.6191406,24848.2128906,24892.9628906,0
2026-02-26 15:30:00+00:00,24882.9941406,25035.8183594,24823.8105469,25015.9765625,216429749
2026-02-26 16:30:00+00:00,25015.3164062,25021.5546875,24911.4472656,24923.5566406,132898260
2026-02-26 17:30:00+00:00,24920.8457031,24958.0917969,24848.1308594,24875.9550781,117056976
2026-02-26 18:30:00+00:00,24874.109375,25038.3378906,24866.7734375,25001.5898438,113903664
2026-02-26 19:30:00+00:00,25001.7363281,25051.2089844,24980.2226562,24981.2695312,128156979
2026-02-26 20:30:00+00:00,24982.1660156,25035.546875,24982.1660156,25035.546875,120932000
2026-02-27 14:30:00+00:00,24807.7363281,24954.8007812,24747.5605469,24927.6054688,0
2026-02-27 15:30:00+00:00,24929.8066406,24976.2597656,24888.7792969,24926.890625,152146905
2026-02-27 16:30:00+00:00,24927.7734375,24987.921875,24860.4042969,24910.0214844,129147801
2026-02-27 17:30:00+00:00,24915.2558594,24946.296875,24836.4003906,24868.5117188,121820977
2026-02-27 18:30:00+00:00,24865.0039062,24916.15625,24848.0078125,24864.2617188,117640620
2026-02-27 19:30:00+00:00,24863.8476562,24956.9101562,24835.0566406,24936.5234375,129433021
2026-02-27 20:30:00+00:00,24934.140625,24980.0058594,24884.2480469,24966.8300781,160140000
2026-03-02 14:30:00+00:00,24591.2207031,24907.2285156,24578.1660156,24833.296875,0
2026-03-02 15:30:00+00:00,24842.34375,24944.3203125,24809.6230469,24831.1582031,156042943
2026-03-02 16:30:00+00:00,24831.1210938,25035.5117188,24826.7050781,25007.6425781,122218566
2026-03-02 17:30:00+00:00,25005.8925781,25032.1289062,24975.9648438,24995.7734375,89412793
2026-03-02 18:30:00+00:00,24996.2460938,25043.6601562,24931.8085938,25037.6601562,94794366
2026-03-02 19:30:00+00:00,25038.4472656,25058.9121094,24915.1523438,24929.1191406,108642065
2026-03-02 20:30:00+00:00,24926.5410156,25023.5878906,24926.5410156,24989.4375,108513753
2026-03-03 14:30:00+00:00,24502.578125,24619.2382812,24316.5175781,24318.5097656,0
2026-03-03 15:30:00+00:00,24339.171875,24601.1171875,24326.3808594,24583.3339844,171423584
2026-03-03 16:30:00+00:00,24576.4628906,24682.859375,24533.1953125,24670.5585938,120080643
2026-03-03 17:30:00+00:00,24668.40625,24732.6542969,24571.6972656,24711.8398438,95318268
2026-03-03 18:30:00+00:00,24712.6523438,24792.2382812,24698.2832031,24719.8945312,102854146
2026-03-03 19:30:00+00:00,24721.28125,24809.5097656,24675.1523438,24742.2578125,119352433
2026-03-03 20:30:00+00:00,24741.4511719,24766.2578125,24682.65625,24725.2246094,108387906
2026-03-04 14:30:00+00:00,24851.9296875,25095.5976562,24797.2011719,25090.03125,0
2026-03-04 15:30:00+00:00,25105.6777344,25113.4980469,25006.0097656,25064.9667969,159714887
2026-03-04 16:30:00+00:00,25061.2070312,25134.0175781,25061.2070312,25096.984375,125981602
2026-03-04 17:30:00+00:00,25095.1289062,25143.4960938,25071.6269531,25134.5273438,98702715
2026-03-04 18:30:00+00:00,25133.9257812,25179.1699219,25133.9257812,25158.78125,108207628
2026-03-04 19:30:00+00:00,25158.2148438,25168.2753906,25089.9824219,25117.0253906,110393835
2026-03-04 20:30:00+00:00,25113.7675781,25131.5722656,25078.8105469,25089.7714844,123838046
2026-03-05 14:30:00+00:00,24989.8652344,25173.9707031,24960.8046875,24968.8515625,0
2026-03-05 15:30:00+00:00,24974.4667969,25060.3378906,24900.7070312,24936.6054688,160908494
2026-03-05 16:30:00+00:00,24935.2929688,25082.3105469,24909.4023438,24917.078125,121019943
2026-03-05 17:30:00+00:00,24903.9179688,24906.1269531,24753.6621094,24762.265625,157461457
2026-03-05 18:30:00+00:00,24768.4492188,24842.8730469,24745.5019531,24808.46875,109342352
2026-03-05 19:30:00+00:00,24807.6113281,24956.75,24763.7617188,24921.2226562,133493176
2026-03-05 20:30:00+00:00,24918.9785156,25021.9472656,24912.09375,25021.1445312,126448268
2026-03-06 14:30:00+00:00,24669.171875,24797.1269531,24593.7636719,24788.8359375,0
2026-03-06 15:30:00+00:00,24805.6230469,24866.2675781,24728.0820312,24812.2734375,145093702
2026-03-06 16:30:00+00:00,24813.0703125,24886.5429688,24769.5429688,24786.9433594,124133823
2026-03-06 17:30:00+00:00,24785.8574219,24864.265625,24719.8964844,24802.5136719,104847650
2026-03-06 18:30:00+00:00,24800.2578125,24826.3359375,24760.1621094,24787.6015625,101889897
2026-03-06 19:30:00+00:00,24786.2148438,24818.6972656,24618.8613281,24623.6386719,145109936
2026-03-06 20:30:00+00:00,24625.1171875,24676.7382812,24579.859375,24641.7773438,145871110
2026-03-09 13:30:00+00:00,24439.8203125,24480.6875,24289.3769531,24373.6601562,0
2026-03-09 14:30:00+00:00,24391.0625,24619.6171875,24387.453125,24617.3183594,157214744
2026-03-09 15:30:00+00:00,24614.796875,24693.4082031,24568.7792969,24660.7597656,120738897
2026-03-09 16:30:00+00:00,24667.6933594,24718.453125,24580.6835938,24584.1347656,105179401
2026-03-09 17:30:00+00:00,24584.8789062,24648.09375,24549.4980469,24620.7070312,91193110
2026-03-09 18:30:00+00:00,24619.0957031,24925.4589844,24616.1679688,24925.2910156,139699669
2026-03-09 19:30:00+00:00,24922.6933594,25018.6933594,24869.59375,24967.3496094,149374745
2026-03-10 13:30:00+00:00,25006.9980469,25048.6972656,24871.5273438,24977.4082031,0
2026-03-10 14:30:00+00:00,24976.4179688,25149.0371094,24976.4179688,25112.5917969,151426716
2026-03-10 15:30:00+00:00,25114.9589844,25140.2832031,25054.3457031,25105.6191406,112898726
2026-03-10 16:30:00+00:00,25110.0800781,25189.1738281,25093.1738281,25184.5820312,89782334
2026-03-10 17:30:00+00:00,25183.8046875,25183.8046875,24966.2285156,25039.0839844,113719498
2026-03-10 18:30:00+00:00,25045.9316406,25075.4277344,24962.7441406,24962.7441406,103274008
2026-03-10 19:30:00+00:00,24961.5898438,24995.9941406,24913.4667969,24958.8515625,109956945
2026-03-11 13:30:00+00:00,25046.7460938,25152.1152344,24959.7695312,25001.1855469,0
2026-03-11 14:30:00+00:00,25000.0019531,25061.890625,24929.0058594,24929.0058594,137117697
2026-03-11 15:30:00+00:00,24915.9472656,24934.0878906,24872.4160156,24928.1191406,104694583
2026-03-11 16:30:00+00:00,24931.7929688,24998.9199219,24931.7929688,24982.7519531,76098887
2026-03-11 17:30:00+00:00,24984.6386719,24988.9785156,24859.3359375,24924.1074219,80682068
2026-03-11 18:30:00+00:00,24922.7636719,24948.4941406,24893.0917969,24913.0566406,86334477
2026-03-11 19:30:00+00:00,24912.0117188,24980.5917969,24907.5839844,24962.6855469,89818814
2026-03-12 13:30:00+00:00,24758.4980469,24807.9238281,24604.3710938,24604.3710938,0
2026-03-12 14:30:00+00:00,24601.6777344,24687.53125,24541.8417969,24601.1367188,142241493
2026-03-12 15:30:00+00:00,24597.2324219,24707.3242188,24563.4941406,24620.0820312,128443258
2026-03-12 16:30:00+00:00,24618.0898438,24699.2851562,24611.0625,24630.2109375,99665546
2026-03-12 17:30:00+00:00,24631.1074219,24668.8789062,24572.7402344,24614.078125,91461707
2026-03-12 18:30:00+00:00,24616.0996094,24623.6699219,24551.1699219,24592.7910156,104332639
2026-03-12 19:30:00+00:00,24596.6269531,24618.9140625,24522.5878906,24532.0585938,112068466
2026-03-13 13:30:00+00:00,24650.0859375,24786.6542969,24597.9902344,24664.8945312,0
2026-03-13 14:30:00+00:00,24662.0878906,24709.4316406,24449.1738281,24452.2714844,139286134
2026-03-13 15:30:00+00:00,24454.4433594,24477.1601562,24379.890625,24430.5546875,114312457
2026-03-13 16:30:00+00:00,24429.1191406,24470.71875,24375.4726562,24435.40625,101183513
2026-03-13 17:30:00+00:00,24437.078125,24439.8242188,24340.546875,24395.0136719,91509013
2026-03-13 18:30:00+00:00,24393.1894531,24453.3359375,24355.0488281,24359.09375,103754142
2026-03-13 19:30:00+00:00,24362.3261719,24385.8222656,24337.0273438,24379.7675781,107515661
2026-03-16 13:30:00+00:00,24641.9023438,24741.1152344,24614.609375,24704.890625,0
2026-03-16 14:30:00+00:00,24701.6992188,24718.9375,24607.3691406,24700.3027344,132678852
2026-03-16 15:30:00+00:00,24700.359375,24721.3378906,24608.0488281,24616.5117188,106728663
2026-03-16 16:30:00+00:00,24618.8515625,24705.8300781,24610.5527344,24681.4628906,91189450
2026-03-16 17:30:00+00:00,24682.4023438,24709.6035156,24638.2148438,24701.3300781,100485895
2026-03-16 18:30:00+00:00,24703.7929688,24792.796875,24643.6582031,24664.3222656,163314012
2026-03-16 19:30:00+00:00,24664.0175781,24674.4882812,24619.9492188,24655.9824219,122546630
2026-03-17 13:30:00+00:00,24749.0097656,24884.0429688,24749.0097656,24830.21875,0
2026-03-17 14:30:00+00:00,24830.265625,24859.171875,24782.9902344,24782.9902344,123376137
2026-03-17 15:30:00+00:00,24781.4238281,24797.3320312,24722.7734375,24781.8125,107445297
2026-03-17 16:30:00+00:00,24783.9550781,24804.5019531,24761.2734375,24787.2792969,84939470
2026-03-17 17:30:00+00:00,24786.4296875,24825.171875,24768.84375,24773.0742188,81825672
2026-03-17 18:30:00+00:00,24772.6191406,24790.7109375,24751.9726562,24776.9394531,101527272
2026-03-17 19:30:00+00:00,24776.8730469,24796.0742188,24763.8027344,24783.9375,102531305
2026-03-18 13:30:00+00:00,24726.5957031,24762.8613281,24592.0527344,24606.4160156,0
2026-03-18 14:30:00+00:00,24600.265625,24703.0878906,24600.265625,24664.1738281,125677713
2026-03-18 15:30:00+00:00,24660.7949219,24686.2988281,24643.7265625,24662.5175781,94265927
2026-03-18 16:30:00+00:00,24657.9707031,24665.546875,24572.4003906,24604.8925781,82926751
2026-03-18 17:30:00+00:00,24604.9765625,24682.6445312,24588.9667969,24627.7519531,93083379
2026-03-18 18:30:00+00:00,24623.7421875,24633.5039062,24486.8320312,24496.0214844,138745243
2026-03-18 19:30:00+00:00,24496.4570312,24513.6484375,24417.6679688,24422.9882812,115247675
2026-03-19 13:30:00+00:00,24120.9121094,24327.3339844,24104.8769531,24208.2636719,0
2026-03-19 14:30:00+00:00,24209.1230469,24355.2050781,24209.1230469,24247.9785156,137067962
2026-03-19 15:30:00+00:00,24242.6640625,24298.1210938,24186.4980469,24255.1914062,111359765
2026-03-19 16:30:00+00:00,24255.015625,24279.2441406,24166.2558594,24231.9941406,100371113
2026-03-19 17:30:00+00:00,24233.5273438,24295.9003906,24196.546875,24254.1542969,86333635
2026-03-19 18:30:00+00:00,24252.0214844,24461.7753906,24204.4804688,24372.4824219,141160059
2026-03-19 19:30:00+00:00,24371.1074219,24387.3945312,24326.4101562,24352.7265625,112613341
2026-03-20 13:30:00+00:00,24256.8925781,24256.8925781,24031.8417969,24062.765625,0
2026-03-20 14:30:00+00:00,24065.1289062,24119.234375,24023.3398438,24055.3300781,153631018
2026-03-20 15:30:00+00:00,24055.375,24139.8652344,24047.8769531,24094.6894531,105309347
2026-03-20 16:30:00+00:00,24094.6855469,24094.6855469,24018.7851562,24021.9335938,91085563
2026-03-20 17:30:00+00:00,24022.4980469,24028.6152344,23906.8222656,23931.9160156,111780510
2026-03-20 18:30:00+00:00,23932.7128906,23936.9570312,23835.8964844,23841.515625,132103413
2026-03-20 19:30:00+00:00,23844.8574219,23899.8183594,23760.8925781,23899.8183594,155176083
2026-03-23 13:30:00+00:00,24265.7167969,24464.8964844,24216.7265625,24417.3105469,0
2026-03-23 14:30:00+00:00,24413.5214844,24461.9101562,24362.3417969,24390.2988281,137792048
2026-03-23 15:30:00+00:00,24391.9335938,24406.1308594,24098.6894531,24099.546875,146384950
2026-03-23 16:30:00+00:00,24100.7089844,24202.6582031,24100.5644531,24144.8359375,94633764
2026-03-23 17:30:00+00:00,24144.0878906,24265.9785156,24144.0878906,24230.53125,98538326
2026-03-23 18:30:00+00:00,24234.6875,24315.4472656,24234.6875,24258.6855469,106671228
2026-03-23 19:30:00+00:00,24257.03125,24293.3125,24186.59375,24189.8164062,101802814
2026-03-24 13:30:00+00:00,24020.1210938,24100.3398438,23930.9804688,23997.4550781,0
2026-03-24 14:30:00+00:00,23993.7167969,24168.6679688,23977.46875,24127.6386719,155756625
2026-03-24 15:30:00+00:00,24131.1132812,24159.3398438,24057.7890625,24116.8925781,106188223
2026-03-24 16:30:00+00:00,24116.9003906,24121.0917969,23960.46875,23989.3632812,93771252
2026-03-24 17:30:00+00:00,23989.4589844,24058.2089844,23957.0839844,24046.2402344,94827243
2026-03-24 18:30:00+00:00,24047.4941406,24129.9648438,24041.3105469,24055.765625,106036615
2026-03-24 19:30:00+00:00,24055.5058594,24067.0761719,23982.0957031,24004.5664062,101661612
2026-03-25 13:30:00+00:00,24244.3398438,24312.3300781,24124.7011719,24259.5449219,0
2026-03-25 14:30:00+00:00,24265,24306.0292969,24083.8027344,24214.3378906,172113806
2026-03-25 15:30:00+00:00,24216.9101562,24230.3828125,24127.4335938,24198.5351562,120502015
2026-03-25 16:30:00+00:00,24200.1347656,24235.140625,24172.765625,24220.2480469,91140814
2026-03-25 17:30:00+00:00,24219.5039062,24275.6269531,24196.3398438,24203.4355469,90306757
2026-03-25 18:30:00+00:00,24203.6152344,24210.4941406,24105.6953125,24146.9042969,104579674
2026-03-25 19:30:00+00:00,24145.5019531,24178.2070312,24117.96875,24163.140625,96540448
2026-03-26 13:30:00+00:00,23900.5605469,24024.515625,23865.8105469,23968.8300781,0
2026-03-26 14:30:00+00:00,23966.8125,24010.6425781,23839.4941406,23881.1367188,164752689
2026-03-26 15:30:00+00:00,23879.9902344,23915.6503906,23800.2851562,23804.6074219,115270735
2026-03-26 16:30:00+00:00,23806.6796875,23811.5253906,23733.4628906,23753.3105469,103363884
2026-03-26 17:30:00+00:00,23753.5371094,23771.4179688,23646.4277344,23648.3886719,130077648
2026-03-26 18:30:00+00:00,23648.1914062,23691.8710938,23625.7265625,23643.0527344,129127576
2026-03-26 19:30:00+00:00,23643.5546875,23645.5800781,23575.4472656,23599.4003906,119573040
2026-03-27 13:30:00+00:00,23469.5292969,23471.6035156,23286.53125,23291.3671875,0
2026-03-27 14:30:00+00:00,23294.0664062,23369.5917969,23259.3222656,23363.5,150409930
2026-03-27 15:30:00+00:00,23366.3769531,23419.4609375,23291.09375,23291.09375,110064724
2026-03-27 16:30:00+00:00,23296.4023438,23330.7753906,23194.8808594,23195.3652344,105534353
2026-03-27 17:30:00+00:00,23198.3515625,23223.6015625,23142.9941406,23177.8925781,112751768
2026-03-27 18:30:00+00:00,23178.2070312,23206.1699219,23126.6992188,23147.7714844,118865920
2026-03-27 19:30:00+00:00,23148.7714844,23163.4628906,23089.3691406,23136.4882812,115730327
2026-03-30 13:30:00+00:00,23305.3085938,23354.6972656,23108.5527344,23141.6113281,0
2026-03-30 14:30:00+00:00,23142.2441406,23243.2441406,23080.0546875,23146.0664062,162410809
2026-03-30 15:30:00+00:00,23148.6914062,23243.5605469,23090.5,23091.6328125,118828949
2026-03-30 16:30:00+00:00,23088.8710938,23127.34375,23009.2246094,23011.7226562,104027442
2026-03-30 17:30:00+00:00,23011.9492188,23065.1679688,22971.0351562,22971.0351562,108032334
2026-03-30 18:30:00+00:00,22971.1015625,23007.1289062,22841.8105469,22853.5390625,137288904
2026-03-30 19:30:00+00:00,22857.609375,22979.3417969,22845.6796875,22951.6953125,120696115
2026-03-31 13:30:00+00:00,23210.7109375,23392.4023438,23210.7109375,23382.6171875,0
2026-03-31 14:30:00+00:00,23383.359375,23398.1289062,23199.2226562,23312.390625,153439920
2026-03-31 15:30:00+00:00,23306.9824219,23379.6171875,23257.0859375,23368.8710938,105098914
2026-03-31 16:30:00+00:00,23366.7304688,23684.59375,23350.8886719,23618.9726562,184545655
2026-03-31 17:30:00+00:00,23622.109375,23682.0390625,23567.9863281,23644.3808594,115060479
2026-03-31 18:30:00+00:00,23641.7460938,23723.203125,23625.1855469,23699.9023438,129310191
2026-03-31 19:30:00+00:00,23700.6933594,23785.4609375,23696.28125,23741.6796875,139297066
2026-04-01 13:30:00+00:00,23886.0136719,24022,23871.6113281,24003.3476562,0
2026-04-01 14:30:00+00:00,24004.6152344,24098.8671875,23951.4101562,24066.0292969,164348605
2026-04-01 15:30:00+00:00,24059.9921875,24141.84375,24046.3574219,24118.9511719,118031758
2026-04-01 16:30:00+00:00,24119.0371094,24162.5429688,24105.4804688,24146.453125,93805286
2026-04-01 17:30:00+00:00,24146.4101562,24152.7167969,23957.3613281,23967.2519531,110383345
2026-04-01 18:30:00+00:00,23967.7734375,24060.6074219,23940.6015625,24051.9355469,114255428
2026-04-01 19:30:00+00:00,24051.9414062,24067.3203125,24006.2128906,24020.9902344,111110794
2026-04-02 13:30:00+00:00,23623.5898438,23825.6386719,23513.640625,23771.4042969,0
2026-04-02 14:30:00+00:00,23765.7871094,24072.3964844,23765.7871094,24003.2285156,159012933
2026-04-02 15:30:00+00:00,24009.0136719,24028.3144531,23886.6191406,23911.6679688,89008507
2026-04-02 16:30:00+00:00,23911.7265625,24001.1113281,23898.9648438,23987.5332031,78153386
2026-04-02 17:30:00+00:00,23987.84375,23990.5917969,23893.3378906,23932.1191406,79947573
2026-04-02 18:30:00+00:00,23932.7128906,24002.6933594,23928.546875,23971.8789062,92077861
2026-04-02 19:30:00+00:00,23970.5722656,24048.3710938,23963.4824219,24044.6035156,93909395
2026-04-06 13:30:00+00:00,24135.5234375,24259.6210938,24088.4746094,24194.1054688,0
2026-04-06 14:30:00+00:00,24193.0136719,24214.6679688,24097.1523438,24116.0429688,106650009
2026-04-06 15:30:00+00:00,24115.0703125,24157.8417969,24087.4335938,24144.3261719,80064519
2026-04-06 16:30:00+00:00,24144.6796875,24172.4316406,24039.2578125,24136.4238281,81614300
2026-04-06 17:30:00+00:00,24136.1835938,24187.140625,24079.8691406,24170.3300781,74310255
2026-04-06 18:30:00+00:00,24170.7089844,24182.4140625,24154.8730469,24166.5527344,75306181
2026-04-06 19:30:00+00:00,24165.0195312,24197.6835938,24157.9199219,24189.2109375,88362281
2026-04-07 13:30:00+00:00,24093.4472656,24094.5917969,23834.8164062,23940.9863281,0
2026-04-07 14:30:00+00:00,23940.3203125,23968.1875,23782.6777344,23899.6152344,126507636
2026-04-07 15:30:00+00:00,23900.2304688,24061.9726562,23880.0585938,24026.1484375,107445418
2026-04-07 16:30:00+00:00,24025.6640625,24069.8496094,24005.0019531,24017.9902344,84105501
2026-04-07 17:30:00+00:00,24018.7265625,24121.5917969,24016.3417969,24025.9199219,78128270
2026-04-07 18:30:00+00:00,24026.3125,24118.1171875,23915.7558594,24051.0332031,111514576
2026-04-07 19:30:00+00:00,24046.0273438,24208.3671875,24029.2382812,24207.0742188,110995412
2026-04-08 13:30:00+00:00,25016.3789062,25016.3789062,24870.296875,24876.3164062,0
2026-04-08 14:30:00+00:00,24882.0976562,24885.8359375,24761.4101562,24836.4960938,163194539
2026-04-08 15:30:00+00:00,24837.2460938,24939.4179688,24833.4316406,24920.5878906,122603523
2026-04-08 16:30:00+00:00,24921.4804688,24981.8828125,24897.5449219,24905.4082031,107183663
2026-04-08 17:30:00+00:00,24905.0449219,24954.71875,24867.7480469,24878.7304688,110732657
2026-04-08 18:30:00+00:00,24881.3886719,24895.7988281,24771.4042969,24786.15625,130073955
2026-04-08 19:30:00+00:00,24790.4589844,24905.0488281,24790.4589844,24905.0488281,117855793
2026-04-09 13:30:00+00:00,24919.3847656,24937.8105469,24792.1796875,24800.6738281,0
2026-04-09 14:30:00+00:00,24804.9511719,24930.5507812,24788.9179688,24887.625,157207390
2026-04-09 15:30:00+00:00,24882.7480469,25085.8535156,24879.4121094,25043.8867188,139101104
2026-04-09 16:30:00+00:00,25045.4101562,25076.3984375,24989.9863281,25049.4199219,102126358
2026-04-09 17:30:00+00:00,25049.2890625,25081.3183594,24979.5332031,24991.7539062,98325863
2026-04-09 18:30:00+00:00,24991.6230469,25058.1816406,24976.8769531,25049.9863281,107337396
2026-04-09 19:30:00+00:00,25051.1035156,25097.4511719,25050.6152344,25077.8398438,117862551
2026-04-10 13:30:00+00:00,25165.6640625,25202.6542969,25102.6894531,25176.6738281,0
2026-04-10 14:30:00+00:00,25175.8359375,25225.90625,25149.953125,25182.0449219,181767910
2026-04-10 15:30:00+00:00,25184.1054688,25188.9375,25083.1054688,25111.0917969,121233877
2026-04-10 16:30:00+00:00,25111.1035156,25116.4082031,25057.6503906,25070.6484375,90290630
2026-04-10 17:30:00+00:00,25070.5097656,25114.4921875,25060.7265625,25101.2148438,95570094
2026-04-10 18:30:00+00:00,25101.0644531,25135.484375,25077.1113281,25129.4628906,100382285
2026-04-10 19:30:00+00:00,25126.7734375,25127.3847656,25094.1582031,25121.2089844,109435759
2026-04-13 13:30:00+00:00,25066.5957031,25161.8339844,25000.1386719,25130.5351562,0
2026-04-13 14:30:00+00:00,25130.1933594,25194.8984375,25116.0898438,25150.8515625,131832164
2026-04-13 15:30:00+00:00,25145.7753906,25227.2285156,25121.8652344,25222.9589844,103917461
2026-04-13 16:30:00+00:00,25221.140625,25272.4238281,25186.5078125,25264.7148438,96701651
2026-04-13 17:30:00+00:00,25264.7148438,25270.9296875,25233.9824219,25236.6132812,84863884
2026-04-13 18:30:00+00:00,25236.7265625,25297.2558594,25235.5136719,25295.140625,96118868
2026-04-13 19:30:00+00:00,25295.0175781,25387.4726562,25290.0839844,25381.8183594,106543935
2026-04-14 13:30:00+00:00,25521.765625,25644.9492188,25521.765625,25644.0078125,0
2026-04-14 14:30:00+00:00,25643.2324219,25683.6289062,25601.1679688,25671.8535156,134346996
2026-04-14 15:30:00+00:00,25671.3632812,25767.7617188,25671.3632812,25763.7714844,115648570
2026-04-14 16:30:00+00:00,25763.9902344,25796.3808594,25743.46875,25779.0839844,101169607
2026-04-14 17:30:00+00:00,25779.5253906,25804.9785156,25721.96875,25743.1660156,95893552
2026-04-14 18:30:00+00:00,25743.4648438,25823.9433594,25736.6894531,25823.1367188,110863665
2026-04-14 19:30:00+00:00,25821.671875,25839.3261719,25791.6660156,25837.8867188,113146329
2026-04-15 13:30:00+00:00,25859.3554688,25970.2675781,25830.3359375,25967.8417969,0
2026-04-15 14:30:00+00:00,25969.3398438,26039.5390625,25947.2636719,26029.0976562,153280090
2026-04-15 15:30:00+00:00,26030.2949219,26084.9238281,26007.2441406,26049.4238281,127676653
2026-04-15 16:30:00+00:00,26050.7519531,26050.7519531,25935.3710938,26023.7949219,120502332
2026-04-15 17:30:00+00:00,26023.5390625,26090.6582031,26010.2109375,26082.4824219,94104901
2026-04-15 18:30:00+00:00,26083.2558594,26171.5234375,26083.2558594,26170.5878906,103570016
2026-04-15 19:30:00+00:00,26170.6523438,26213.2519531,26166.9511719,26198.5976562,115145383
2026-04-16 13:30:00+00:00,26248.9785156,26248.9785156,26113.8554688,26194.7148438,0
2026-04-16 14:30:00+00:00,26193.2109375,26340.1015625,26191.6503906,26305.9746094,139010690
2026-04-16 15:30:00+00:00,26294.4804688,26400.328125,26294.4804688,26355.4453125,117697941
2026-04-16 16:30:00+00:00,26355.9277344,26357.7753906,26273.5097656,26315.7460938,95671082
2026-04-16 17:30:00+00:00,26315.9121094,26346.109375,26193.7773438,26207.9238281,92895138
2026-04-16 18:30:00+00:00,26208.4492188,26302.0742188,26208.4492188,26281.8398438,108564914
2026-04-16 19:30:00+00:00,26284.4472656,26340.5742188,26278.2128906,26324.2011719,106991740
2026-04-17 13:30:00+00:00,26558.5878906,26619.6210938,26481.5761719,26580.8945312,0
2026-04-17 14:30:00+00:00,26587.6191406,26694.9785156,26587.6191406,26681.6210938,189991715
2026-04-17 15:30:00+00:00,26681.3476562,26716.3613281,26633.8886719,26693.1660156,140299777
2026-04-17 16:30:00+00:00,26693.8164062,26719.5,26587.1523438,26615.9570312,117937254
2026-04-17 17:30:00+00:00,26613.3925781,26667.6171875,26596.9921875,26623.9511719,106469988
2026-04-17 18:30:00+00:00,26624.1308594,26652.109375,26599.6210938,26618.7675781,113054744
2026-04-17 19:30:00+00:00,26618.5429688,26673.4726562,26618.5429688,26668.9707031,119995000
2026-04-20 13:30:00+00:00,26660.0039062,26669.09375,26559.9257812,26568.5527344,0
2026-04-20 14:30:00+00:00,26568.9941406,26579.8417969,26412.6542969,26549.1738281,149587027
2026-04-20 15:30:00+00:00,26534.0527344,26536.5878906,26481.1582031,26519.0625,101341190
2026-04-20 16:30:00+00:00,26519.9394531,26561.4277344,26508.34375,26541.2519531,80136881
2026-04-20 17:30:00+00:00,26540.8203125,26585.1132812,26531.4609375,26578.0742188,89209502
2026-04-20 18:30:00+00:00,26579.7070312,26590.1582031,26555.3945312,26571.3984375,93267332
2026-04-20 19:30:00+00:00,26570.6308594,26593.4042969,26552.8691406,26593.4042969,101980779
2026-04-21 13:30:00+00:00,26662.0390625,26730.4199219,26579.0742188,26684.9628906,0
2026-04-21 14:30:00+00:00,26684.046875,26696.6464844,26512.5839844,26569.2148438,146223087
2026-04-21 15:30:00+00:00,26569.71875,26619.8867188,26541.9101562,26549.7949219,100352036
2026-04-21 16:30:00+00:00,26547.8027344,26588.8398438,26447.796875,26478.421875,98012512
2026-04-21 17:30:00+00:00,26478.5878906,26601.2832031,26478.5878906,26523.1835938,97949641
2026-04-21 18:30:00+00:00,26523.0429688,26624.1855469,26512.7265625,26622.2851562,106251895
2026-04-21 19:30:00+00:00,26622.8125,26630.734375,26405.3730469,26480.4160156,113080513
2026-04-22 13:30:00+00:00,26707.9023438,26833.4648438,26663.421875,26829.6855469,0
2026-04-22 14:30:00+00:00,26832.4648438,26851,26789.9863281,26838.8476562,129170870
2026-04-22 15:30:00+00:00,26836.703125,26850.9140625,26810.171875,26820.8554688,94489371
2026-04-22 16:30:00+00:00,26818.0253906,26895.5,26807.2597656,26872.7519531,92162214
2026-04-22 17:30:00+00:00,26872.0878906,26896.3671875,26841.9707031,26848.4960938,85475292
2026-04-22 18:30:00+00:00,26848.2871094,26904.4003906,26827.6796875,26892.2285156,105390611
2026-04-22 19:30:00+00:00,26891.25,26940.3945312,26886.2480469,26935.4960938,108665031
2026-04-23 13:30:00+00:00,26820.234375,26944.8027344,26820.234375,26862.3730469,0
2026-04-23 14:30:00+00:00,26869.4902344,27000.6484375,26858.6015625,26981.515625,146240804
2026-04-23 15:30:00+00:00,26979.1269531,27007.4394531,26890.796875,26938.1777344,123671971
2026-04-23 16:30:00+00:00,26938.3359375,26966.9882812,26714.5644531,26725.7675781,123741152
2026-04-23 17:30:00+00:00,26727.0703125,26793.7382812,26541.8203125,26790.3886719,137550623
2026-04-23 18:30:00+00:00,26790.8144531,26832.703125,26698.7519531,26766.6503906,101643236
2026-04-23 19:30:00+00:00,26764.6386719,26795.8183594,26709.7363281,26781.9921875,111477091
2026-04-24 13:30:00+00:00,27067.8046875,27125.8242188,26990.7636719,27058.9824219,0
2026-04-24 14:30:00+00:00,27067.40625,27189.53125,27032.8652344,27183.2011719,204348950
2026-04-24 15:30:00+00:00,27180.3730469,27269.7929688,27168.28125,27254.0957031,160757187
2026-04-24 16:30:00+00:00,27253.9199219,27286.3710938,27223.1621094,27242.8320312,131780805
2026-04-24 17:30:00+00:00,27240.7167969,27313.5605469,27230.4257812,27246.3085938,112750569
2026-04-24 18:30:00+00:00,27247.7304688,27314.2070312,27245.828125,27284.5273438,124121000
2026-04-24 19:30:00+00:00,27282.9609375,27309.8359375,27266.2597656,27298.9570312,129010000
2026-04-27 13:30:00+00:00,27272.0917969,27278.2734375,27161.1972656,27223.6835938,0
2026-04-27 14:30:00+00:00,27221.1621094,27260.3574219,27173.1289062,27205.8398438,148551668
2026-04-27 15:30:00+00:00,27206.1523438,27252.7089844,27201.8144531,27238.5878906,114430366
2026-04-27 16:30:00+00:00,27239.0332031,27281.4570312,27239.0332031,27276.40625,114506887
2026-04-27 17:30:00+00:00,27276.0273438,27304.2617188,27275.9394531,27292.0117188,101391542
2026-04-27 18:30:00+00:00,27293.7109375,27298.5429688,27254.2832031,27283.5625,110559234
2026-04-27 19:30:00+00:00,27284.5410156,27315.2324219,27275.5273438,27302.6914062,109208966
2026-04-28 13:30:00+00:00,26975.2285156,27113.421875,26948.21875,27031.9121094,0
2026-04-28 14:30:00+00:00,27032.2773438,27041.1289062,26879.3554688,26915.1445312,168657656
2026-04-28 15:30:00+00:00,26911.8535156,26953.7558594,26880.4394531,26936.109375,98928433
2026-04-28 16:30:00+00:00,26934.4121094,26960.9882812,26898.0898438,26951.8984375,86380871
2026-04-28 17:30:00+00:00,26951.4785156,27043.5996094,26951.4785156,27043.5742188,97669637
2026-04-28 18:30:00+00:00,27043.1777344,27087.6289062,27018.96875,27051.8125,108463158
2026-04-28 19:30:00+00:00,27052.7871094,27055.53125,27020.8261719,27029.7460938,102943030
2026-04-29 13:30:00+00:00,27057.7207031,27143.9355469,26996.6679688,27135.0214844,0
2026-04-29 14:30:00+00:00,27126.8828125,27183.9277344,27089.4394531,27147.2265625,177276816
2026-04-29 15:30:00+00:00,27146.1757812,27163.1738281,27065.3847656,27066.0722656,128346835
2026-04-29 16:30:00+00:00,27061.0820312,27089.6777344,27023.3320312,27077.7402344,102856953
2026-04-29 17:30:00+00:00,27080.1679688,27117.8671875,27028.0585938,27076.6015625,109943439
2026-04-29 18:30:00+00:00,27076.9921875,27198.8398438,27045.4746094,27178.0195312,138124866
2026-04-29 19:30:00+00:00,27172.8398438,27189.609375,27129.4453125,27188.96875,116704889
2026-04-30 13:30:00+00:00,27313.9199219,27313.9199219,27029.4101562,27093.2421875,0
2026-04-30 14:30:00+00:00,27079.5371094,27282.1972656,27037.8828125,27273.5527344,205789723
2026-04-30 15:30:00+00:00,27274.0585938,27304.7167969,27200.9277344,27282.109375,132053441
2026-04-30 16:30:00+00:00,27285.6289062,27327.7421875,27217.5683594,27327.7421875,118609178
2026-04-30 17:30:00+00:00,27328.0117188,27449.5957031,27328.0117188,27429.3046875,120475787
2026-04-30 18:30:00+00:00,27428.1503906,27471.9394531,27408.8554688,27456.8457031,139612428
2026-04-30 19:30:00+00:00,27454.2226562,27486.7070312,27436.9335938,27452.4394531,133693000
